Million Plus Cities,Impacting Vehicle/Object,Impacting Vehicle/Object,Impacting Vehicle/Object,Impacting Vehicle/Object,Impacting Vehicle/Object,Impacting Vehicle/Object,Impacting Vehicle/Object,Impacting Vehicle/Object,Impacting Vehicle/Object,Impacting Vehicle/Object,Impacting Vehicle/Object,Impacting Vehicle/Object,Impacting Vehicle/Object,Impacting Vehicle/Object,Impacting Vehicle/Object,Impacting Vehicle/Object,Impacting Vehicle/Object,Impacting Vehicle/Object,Impacting Vehicle/Object,Impacting Vehicle/Object,Impacting Vehicle/Object,Impacting Vehicle/Object,Impacting Vehicle/Object,Impacting Vehicle/Object,Impacting Vehicle/Object,Impacting Vehicle/Object,Impacting Vehicle/Object,Impacting Vehicle/Object,Impacting Vehicle/Object,Impacting Vehicle/Object,Impacting Vehicle/Object,Impacting Vehicle/Object,Impacting Vehicle/Object,Impacting Vehicle/Object,Impacting Vehicle/Object,Impacting Vehicle/Object,Junction,Junction,Junction,Junction,Junction,Junction,Junction,Junction,Junction,Junction,Junction,Junction,Junction,Junction,Junction,Junction,Junction,Junction,Junction,Junction,Junction,Junction,Junction,Junction,Junction,Junction,Junction,Junction,Junction,Junction,Road Features,Road Features,Road Features,Road Features,Road Features,Road Features,Road Features,Road Features,Road Features,Road Features,Road Features,Road Features,Road Features,Road Features,Road Features,Road Features,Road Features,Road Features,Road Features,Road Features,Road Features,Road Features,Road Features,Road Features,Road Features,Road Features,Road Features,Road Features,Road Features,Road Features,Road Features,Road Features,Road Features,Road Features,Road Features,Road Features,Road Features,Road Features,Road Features,Road Features,Traffic Control,Traffic Control,Traffic Control,Traffic Control,Traffic Control,Traffic Control,Traffic Control,Traffic Control,Traffic Control,Traffic Control,Traffic Control,Traffic Control,Traffic Control,Traffic Control,Traffic Control,Traffic Control,Traffic Control,Traffic Control,Traffic Control,Traffic Control,Traffic Control,Traffic Control,Traffic Control,Traffic Control,Traffic Control,Traffic Control,Traffic Control,Traffic Control,Traffic Control,Traffic Control,Traffic Violation,Traffic Violation,Traffic Violation,Traffic Violation,Traffic Violation,Traffic Violation,Traffic Violation,Traffic Violation,Traffic Violation,Traffic Violation,Traffic Violation,Traffic Violation,Traffic Violation,Traffic Violation,Traffic Violation,Traffic Violation,Traffic Violation,Traffic Violation,Traffic Violation,Traffic Violation,Traffic Violation,Traffic Violation,Traffic Violation,Traffic Violation,Traffic Violation,Traffic Violation,Traffic Violation,Traffic Violation,Traffic Violation,Traffic Violation,Weather,Weather,Weather,Weather,Weather,Weather,Weather,Weather,Weather,Weather,Weather,Weather,Weather,Weather,Weather,Weather,Weather,Weather,Weather,Weather,Weather,Weather,Weather,Weather,Weather
,Auto Rickshaws,Auto Rickshaws,Auto Rickshaws,Auto Rickshaws,Bicycles,Bicycles,Bicycles,Bicycles,Buses,Buses,Buses,Buses,"Cars, Taxis, Vans and LMV","Cars, Taxis, Vans and LMV","Cars, Taxis, Vans and LMV","Cars, Taxis, Vans and LMV",Other Non,Other Non,Other Non,Other Non,Others,Others,Others,Others,Pedestrian,Pedestrian,Pedestrian,Pedestrian,Trucks/Lorries,Trucks/Lorries,Trucks/Lorries,Trucks/Lorries,Two Wheelers,Two Wheelers,Two Wheelers,Two Wheelers,Four arm Junction,Four arm Junction,Four arm Junction,Four arm Junction,Four arm Junction,Others,Others,Others,Others,Others,Round about Junction,Round about Junction,Round about Junction,Round about Junction,Round about Junction,Staggered Junction,Staggered Junction,Staggered Junction,Staggered Junction,Staggered Junction,T,T,T,T,T,Y,Y,Y,Y,Y,Bridge,Bridge,Bridge,Bridge,Bridge,Culvert,Culvert,Culvert,Culvert,Culvert,Curved Road,Curved Road,Curved Road,Curved Road,Curved Road,Ongoing Road Works/Under Construction,Ongoing Road Works/Under Construction,Ongoing Road Works/Under Construction,Ongoing Road Works/Under Construction,Ongoing Road Works/Under Construction,Others,Others,Others,Others,Others,Pot Holes,Pot Holes,Pot Holes,Pot Holes,Pot Holes,Steep Grade,Steep Grade,Steep Grade,Steep Grade,Steep Grade,Straight Road,Straight Road,Straight Road,Straight Road,Straight Road,Flashing Signal/Blinker,Flashing Signal/Blinker,Flashing Signal/Blinker,Flashing Signal/Blinker,Flashing Signal/Blinker,Others,Others,Others,Others,Others,Police Controlled,Police Controlled,Police Controlled,Police Controlled,Police Controlled,Stop Sign,Stop Sign,Stop Sign,Stop Sign,Stop Sign,Traffic Light Signal,Traffic Light Signal,Traffic Light Signal,Traffic Light Signal,Traffic Light Signal,Uncontrolled,Uncontrolled,Uncontrolled,Uncontrolled,Uncontrolled,Driving on Wrong side,Driving on Wrong side,Driving on Wrong side,Driving on Wrong side,Driving on Wrong side,Drunken Driving/ Consumption of alcohol and drug,Drunken Driving/ Consumption of alcohol and drug,Drunken Driving/ Consumption of alcohol and drug,Drunken Driving/ Consumption of alcohol and drug,Drunken Driving/ Consumption of alcohol and drug,Jumping Red Light,Jumping Red Light,Jumping Red Light,Jumping Red Light,Jumping Red Light,Others,Others,Others,Others,Others,Over,Over,Over,Over,Over,Use of Mobile Phone,Use of Mobile Phone,Use of Mobile Phone,Use of Mobile Phone,Use of Mobile Phone,Foggy and Misty,Foggy and Misty,Foggy and Misty,Foggy and Misty,Foggy and Misty,Hail/Sleet,Hail/Sleet,Hail/Sleet,Hail/Sleet,Hail/Sleet,Others,Others,Others,Others,Others,Rainy,Rainy,Rainy,Rainy,Rainy,Sunny/Clear,Sunny/Clear,Sunny/Clear,Sunny/Clear,Sunny/Clear
,Greviously Injured,Minor Injury,Persons Killed,Total number of Accidents,Greviously Injured,Minor Injury,Persons Killed,Total number of Accidents,Greviously Injured,Minor Injury,Persons Killed,Total number of Accidents,Greviously Injured,Minor Injury,Persons Killed,Total number of Accidents,Greviously Injured,Minor Injury,Persons Killed,Total number of Accidents,Greviously Injured,Minor Injury,Persons Killed,Total number of Accidents,Greviously Injured,Minor Injury,Persons Killed,Total number of Accidents,Greviously Injured,Minor Injury,Persons Killed,Total number of Accidents,Greviously Injured,Minor Injury,Persons Killed,Total number of Accidents,Greviously Injured,Minor Injury,Persons Killed,Total Injured,Total number of Accidents,Greviously Injured,Minor Injury,Persons Killed,Total Injured,Total number of Accidents,Greviously Injured,Minor Injury,Persons Killed,Total Injured,Total number of Accidents,Greviously Injured,Minor Injury,Persons Killed,Total Injured,Total number of Accidents,Greviously Injured,Minor Injury,Persons Killed,Total Injured,Total number of Accidents,Greviously Injured,Minor Injury,Persons Killed,Total Injured,Total number of Accidents,Greviously Injured,Minor Injury,Persons Killed,Total Injured,Total number of Accidents,Greviously Injured,Minor Injury,Persons Killed,Total Injured,Total number of Accidents,Greviously Injured,Minor Injury,Persons Killed,Total Injured,Total number of Accidents,Greviously Injured,Minor Injury,Persons Killed,Total Injured,Total number of Accidents,Greviously Injured,Minor Injury,Persons Killed,Total Injured,Total number of Accidents,Greviously Injured,Minor Injury,Persons Killed,Total Injured,Total number of Accidents,Greviously Injured,Minor Injury,Persons Killed,Total Injured,Total number of Accidents,Greviously Injured,Minor Injury,Persons Killed,Total Injured,Total number of Accidents,Greviously Injured,Minor Injury,Persons Killed,Total Injured,Total number of Accidents,Greviously Injured,Minor Injury,Persons Killed,Total Injured,Total number of Accidents,Greviously Injured,Minor Injury,Persons Killed,Total Injured,Total number of Accidents,Greviously Injured,Minor Injury,Persons Killed,Total Injured,Total number of Accidents,Greviously Injured,Minor Injury,Persons Killed,Total Injured,Total number of Accidents,Greviously Injured,Minor Injury,Persons Killed,Total Injured,Total number of Accidents,Greviously Injured,Minor Injury,Persons Killed,Total Injured,Total number of Accidents,Greviously Injured,Minor Injury,Persons Killed,Total Injured,Total number of Accidents,Greviously Injured,Minor Injury,Persons Killed,Total Injured,Total number of Accidents,Greviously Injured,Minor Injury,Persons Killed,Total Injured,Total number of Accidents,Greviously Injured,Minor Injury,Persons Killed,Total Injured,Total number of Accidents,Greviously Injured,Minor Injury,Persons Killed,Total Injured,Total number of Accidents,Greviously Injured,Minor Injury,Persons Killed,Total Injured,Total number of Accidents,Greviously Injured,Minor Injury,Persons Killed,Total Injured,Total number of Accidents,Greviously Injured,Minor Injury,Persons Killed,Total Injured,Total number of Accidents,Greviously Injured,Minor Injury,Persons Killed,Total Injured,Total number of Accidents,Greviously Injured,Minor Injury,Persons Killed,Total Injured,Total number of Accidents
Agra,20.0,9.0,28.0,52.0,35.0,6.0,26.0,58.0,10.0,26.0,28.0,34.0,47.0,40.0,85.0,124.0,13.0,16.0,73.0,95.0,22.0,31.0,28.0,63.0,47.0,14.0,46.0,66.0,37.0,29.0,30.0,50.0,146.0,85.0,170.0,364.0,39.0,27.0,33.0,66.0,85.0,175.0,91.0,373.0,266.0,470.0,46.0,37.0,35.0,83.0,113.0,51.0,44.0,17.0,95.0,91.0,25.0,22.0,29.0,47.0,61.0,41.0,35.0,27.0,76.0,86.0,17.0,30.0,9.0,47.0,39.0,16.0,11.0,8.0,27.0,26.0,21.0,26.0,32.0,47.0,57.0,14.0,9.0,18.0,23.0,40.0,42.0,74.0,114.0,116.0,167.0,35.0,6.0,23.0,41.0,57.0,19.0,19.0,20.0,38.0,43.0,213.0,81.0,290.0,294.0,477.0,0.0,0.0,0.0,0.0,0.0,175.0,91.0,373.0,266.0,470.0,0.0,0.0,0.0,0.0,0.0,0.0,0.0,0.0,0.0,0.0,30.0,37.0,18.0,67.0,66.0,172.0,128.0,123.0,300.0,370.0,56.0,40.0,51.0,96.0,98.0,12.0,9.0,29.0,21.0,35.0,2.0,7.0,3.0,9.0,8.0,97.0,85.0,143.0,182.0,254.0,202.0,112.0,279.0,314.0,495.0,8.0,3.0,9.0,11.0,16.0,77.0,59.0,107.0,136.0,215.0,42.0,23.0,35.0,65.0,59.0,77.0,21.0,127.0,98.0,195.0,87.0,78.0,123.0,165.0,240.0,94.0,75.0,122.0,169.0,197.0
Ahmedabad,20.0,40.0,15.0,88.0,20.0,8.0,15.0,41.0,0.0,2.0,0.0,2.0,14.0,21.0,8.0,83.0,0.0,0.0,0.0,0.0,0.0,6.0,3.0,8.0,157.0,90.0,151.0,398.0,0.0,2.0,2.0,3.0,265.0,141.0,146.0,562.0,78.0,57.0,45.0,135.0,154.0,229.0,122.0,166.0,351.0,642.0,42.0,57.0,36.0,99.0,121.0,51.0,34.0,32.0,85.0,108.0,46.0,27.0,31.0,73.0,96.0,30.0,13.0,30.0,43.0,64.0,7.0,2.0,17.0,9.0,25.0,0.0,0.0,0.0,0.0,0.0,30.0,29.0,16.0,59.0,67.0,7.0,7.0,3.0,14.0,15.0,0.0,0.0,0.0,0.0,0.0,0.0,0.0,0.0,0.0,0.0,3.0,1.0,1.0,4.0,4.0,429.0,271.0,303.0,700.0,1074.0,4.0,1.0,3.0,5.0,8.0,229.0,122.0,166.0,351.0,642.0,11.0,13.0,13.0,24.0,35.0,3.0,2.0,3.0,5.0,8.0,41.0,9.0,14.0,50.0,58.0,188.0,163.0,141.0,351.0,434.0,12.0,2.0,5.0,14.0,18.0,5.0,8.0,2.0,13.0,15.0,3.0,0.0,0.0,3.0,3.0,0.0,0.0,0.0,0.0,0.0,456.0,300.0,333.0,756.0,1149.0,0.0,0.0,0.0,0.0,0.0,0.0,0.0,0.0,0.0,0.0,0.0,0.0,0.0,0.0,0.0,0.0,0.0,0.0,0.0,0.0,0.0,0.0,0.0,0.0,0.0,476.0,310.0,340.0,786.0,1185.0
Allahabad(Prayagraj),8.0,67.0,70.0,139.0,6.0,56.0,25.0,82.0,7.0,60.0,45.0,108.0,8.0,61.0,73.0,133.0,8.0,44.0,39.0,79.0,0.0,153.0,43.0,173.0,58.0,3.0,28.0,68.0,10.0,59.0,77.0,139.0,16.0,108.0,117.0,231.0,24.0,61.0,61.0,85.0,145.0,9.0,338.0,277.0,347.0,577.0,32.0,54.0,42.0,86.0,115.0,18.0,38.0,40.0,56.0,101.0,17.0,65.0,51.0,82.0,117.0,21.0,55.0,46.0,76.0,97.0,13.0,79.0,55.0,92.0,131.0,13.0,49.0,58.0,62.0,119.0,12.0,61.0,57.0,73.0,131.0,16.0,98.0,73.0,114.0,174.0,17.0,81.0,78.0,98.0,165.0,20.0,89.0,74.0,109.0,168.0,15.0,74.0,54.0,89.0,108.0,15.0,80.0,68.0,95.0,156.0,26.0,49.0,39.0,75.0,104.0,9.0,338.0,277.0,347.0,577.0,18.0,55.0,51.0,73.0,101.0,24.0,52.0,62.0,76.0,127.0,22.0,61.0,45.0,83.0,124.0,22.0,56.0,43.0,78.0,119.0,24.0,105.0,102.0,129.0,205.0,22.0,106.0,86.0,128.0,201.0,17.0,119.0,89.0,136.0,214.0,14.0,65.0,38.0,79.0,101.0,28.0,134.0,109.0,162.0,255.0,16.0,82.0,93.0,98.0,176.0,22.0,116.0,98.0,138.0,213.0,23.0,114.0,92.0,137.0,216.0,24.0,99.0,107.0,123.0,209.0,21.0,128.0,92.0,149.0,209.0,31.0,154.0,128.0,185.0,305.0
Amritsar,0.0,1.0,4.0,5.0,5.0,1.0,6.0,11.0,0.0,0.0,0.0,0.0,2.0,7.0,2.0,8.0,2.0,0.0,4.0,4.0,0.0,0.0,0.0,0.0,8.0,2.0,18.0,20.0,0.0,0.0,0.0,0.0,21.0,10.0,32.0,52.0,7.0,1.0,6.0,8.0,12.0,19.0,8.0,29.0,27.0,44.0,1.0,1.0,6.0,2.0,6.0,5.0,7.0,13.0,12.0,21.0,6.0,4.0,10.0,10.0,15.0,0.0,0.0,2.0,0.0,2.0,7.0,1.0,5.0,8.0,9.0,0.0,0.0,0.0,0.0,0.0,3.0,1.0,3.0,4.0,7.0,0.0,0.0,1.0,0.0,1.0,12.0,6.0,12.0,18.0,25.0,0.0,0.0,3.0,0.0,3.0,0.0,0.0,0.0,0.0,0.0,16.0,13.0,42.0,29.0,55.0,5.0,7.0,13.0,12.0,0.0,19.0,8.0,29.0,27.0,44.0,0.0,0.0,2.0,0.0,0.0,7.0,1.0,6.0,8.0,0.0,6.0,4.0,10.0,10.0,1.0,1.0,1.0,6.0,2.0,55.0,0.0,0.0,2.0,0.0,2.0,4.0,0.0,0.0,4.0,1.0,0.0,0.0,0.0,0.0,0.0,16.0,9.0,27.0,25.0,42.0,18.0,12.0,37.0,30.0,55.0,0.0,0.0,0.0,0.0,0.0,1.0,1.0,5.0,2.0,6.0,0.0,2.0,1.0,2.0,2.0,6.0,9.0,19.0,15.0,32.0,0.0,0.0,0.0,0.0,0.0,31.0,9.0,41.0,40.0,60.0
Asansol Durgapur,0.0,0.0,0.0,0.0,11.0,3.0,34.0,48.0,24.0,3.0,4.0,11.0,38.0,14.0,28.0,45.0,0.0,0.0,0.0,0.0,8.0,3.0,14.0,17.0,66.0,4.0,136.0,188.0,42.0,13.0,61.0,73.0,14.0,3.0,38.0,46.0,4.0,0.0,6.0,4.0,9.0,183.0,41.0,299.0,224.0,401.0,5.0,0.0,1.0,5.0,2.0,0.0,0.0,0.0,0.0,0.0,8.0,2.0,5.0,10.0,10.0,3.0,0.0,4.0,3.0,6.0,4.0,1.0,18.0,5.0,17.0,3.0,2.0,2.0,5.0,4.0,10.0,1.0,24.0,11.0,26.0,0.0,0.0,1.0,0.0,1.0,0.0,0.0,0.0,0.0,0.0,0.0,0.0,0.0,0.0,0.0,5.0,0.0,0.0,5.0,1.0,181.0,39.0,270.0,220.0,379.0,0.0,0.0,0.0,0.0,0.0,183.0,41.0,299.0,224.0,401.0,2.0,0.0,6.0,2.0,7.0,1.0,0.0,1.0,1.0,2.0,0.0,0.0,1.0,0.0,1.0,17.0,2.0,8.0,19.0,17.0,4.0,0.0,2.0,4.0,1.0,0.0,0.0,0.0,0.0,0.0,0.0,0.0,0.0,0.0,0.0,125.0,29.0,169.0,154.0,240.0,74.0,14.0,144.0,88.0,187.0,0.0,0.0,0.0,0.0,0.0,33.0,6.0,36.0,39.0,48.0,1.0,0.0,0.0,1.0,1.0,85.0,25.0,150.0,110.0,190.0,1.0,0.0,1.0,1.0,2.0,83.0,12.0,128.0,95.0,187.0
Aurangabad,21.0,0.0,1.0,10.0,1.0,0.0,0.0,1.0,3.0,4.0,0.0,3.0,9.0,12.0,9.0,60.0,0.0,0.0,0.0,0.0,0.0,2.0,0.0,3.0,44.0,16.0,40.0,94.0,0.0,0.0,3.0,14.0,142.0,39.0,83.0,221.0,18.0,4.0,17.0,22.0,33.0,189.0,69.0,107.0,258.0,345.0,3.0,0.0,2.0,3.0,5.0,0.0,0.0,0.0,0.0,0.0,9.0,0.0,10.0,9.0,22.0,1.0,0.0,0.0,1.0,1.0,3.0,2.0,1.0,5.0,6.0,0.0,0.0,0.0,0.0,0.0,10.0,5.0,8.0,15.0,17.0,0.0,0.0,0.0,0.0,0.0,0.0,0.0,0.0,0.0,0.0,0.0,0.0,0.0,0.0,0.0,1.0,0.0,0.0,1.0,1.0,206.0,66.0,127.0,272.0,382.0,0.0,0.0,0.0,0.0,0.0,189.0,69.0,107.0,258.0,345.0,0.0,0.0,0.0,0.0,0.0,0.0,0.0,0.0,0.0,0.0,0.0,0.0,0.0,0.0,0.0,31.0,4.0,29.0,35.0,61.0,5.0,2.0,5.0,7.0,12.0,0.0,0.0,0.0,0.0,0.0,0.0,0.0,0.0,0.0,0.0,10.0,3.0,20.0,13.0,27.0,205.0,68.0,111.0,273.0,367.0,0.0,0.0,0.0,0.0,0.0,0.0,0.0,0.0,0.0,0.0,0.0,0.0,0.0,0.0,0.0,0.0,0.0,0.0,0.0,0.0,2.0,0.0,1.0,2.0,3.0,218.0,73.0,135.0,291.0,403.0
Bengaluru,30.0,47.0,9.0,77.0,15.0,6.0,5.0,26.0,6.0,3.0,3.0,15.0,102.0,134.0,32.0,483.0,2.0,0.0,0.0,23.0,1.0,8.0,3.0,9.0,416.0,194.0,163.0,745.0,24.0,19.0,8.0,81.0,1111.0,633.0,423.0,1774.0,218.0,113.0,48.0,331.0,374.0,1154.0,773.0,536.0,1927.0,2316.0,57.0,23.0,11.0,80.0,92.0,43.0,17.0,4.0,60.0,63.0,168.0,88.0,32.0,256.0,279.0,67.0,30.0,15.0,97.0,109.0,61.0,22.0,26.0,83.0,103.0,2.0,2.0,1.0,4.0,6.0,149.0,104.0,62.0,253.0,291.0,24.0,24.0,8.0,48.0,49.0,0.0,0.0,0.0,0.0,0.0,1.0,0.0,1.0,1.0,2.0,7.0,2.0,2.0,9.0,9.0,1463.0,890.0,546.0,2353.0,2773.0,33.0,33.0,9.0,66.0,67.0,1154.0,773.0,536.0,1927.0,2316.0,130.0,38.0,38.0,168.0,220.0,12.0,4.0,0.0,16.0,16.0,180.0,99.0,32.0,279.0,335.0,198.0,97.0,31.0,295.0,279.0,17.0,4.0,1.0,21.0,26.0,10.0,3.0,11.0,13.0,27.0,10.0,5.0,2.0,15.0,15.0,59.0,77.0,36.0,136.0,172.0,1611.0,955.0,596.0,2566.0,2993.0,0.0,0.0,0.0,0.0,0.0,66.0,13.0,29.0,79.0,104.0,0.0,0.0,0.0,0.0,0.0,0.0,0.0,0.0,0.0,0.0,46.0,37.0,30.0,83.0,115.0,1595.0,994.0,587.0,2589.0,3014.0
Bhopal,0.0,2.0,1.0,17.0,0.0,3.0,0.0,3.0,0.0,0.0,3.0,14.0,5.0,191.0,7.0,68.0,0.0,4.0,1.0,5.0,55.0,416.0,53.0,824.0,12.0,68.0,25.0,131.0,1.0,21.0,7.0,36.0,113.0,916.0,140.0,1197.0,29.0,101.0,19.0,130.0,174.0,71.0,753.0,135.0,824.0,1001.0,10.0,43.0,8.0,53.0,72.0,41.0,493.0,42.0,534.0,683.0,33.0,208.0,29.0,241.0,321.0,2.0,23.0,4.0,25.0,44.0,0.0,36.0,5.0,36.0,45.0,0.0,0.0,1.0,0.0,1.0,8.0,255.0,10.0,263.0,290.0,0.0,0.0,0.0,0.0,0.0,52.0,631.0,69.0,683.0,813.0,0.0,0.0,0.0,0.0,0.0,0.0,0.0,0.0,0.0,0.0,126.0,699.0,152.0,825.0,1146.0,0.0,19.0,3.0,19.0,33.0,71.0,753.0,135.0,824.0,1001.0,11.0,45.0,9.0,56.0,101.0,30.0,295.0,26.0,325.0,416.0,21.0,103.0,18.0,124.0,181.0,53.0,406.0,46.0,459.0,563.0,0.0,0.0,0.0,0.0,0.0,0.0,0.0,0.0,0.0,0.0,0.0,0.0,0.0,0.0,0.0,39.0,247.0,80.0,286.0,405.0,147.0,1374.0,157.0,1521.0,1890.0,0.0,0.0,0.0,0.0,0.0,11.0,37.0,11.0,48.0,59.0,2.0,5.0,2.0,7.0,11.0,29.0,147.0,31.0,176.0,263.0,21.0,162.0,24.0,183.0,198.0,123.0,1270.0,169.0,1393.0,1764.0
Chandigarh,0.0,8.0,0.0,3.0,0.0,14.0,10.0,20.0,0.0,0.0,0.0,0.0,0.0,28.0,3.0,26.0,0.0,3.0,4.0,4.0,0.0,0.0,0.0,0.0,2.0,23.0,12.0,34.0,0.0,5.0,1.0,2.0,12.0,53.0,23.0,70.0,0.0,30.0,9.0,30.0,29.0,8.0,61.0,25.0,69.0,77.0,2.0,23.0,6.0,25.0,27.0,0.0,1.0,3.0,1.0,5.0,4.0,18.0,9.0,22.0,19.0,0.0,1.0,1.0,1.0,2.0,0.0,0.0,0.0,0.0,0.0,0.0,0.0,0.0,0.0,0.0,0.0,0.0,0.0,0.0,0.0,0.0,0.0,0.0,0.0,0.0,0.0,0.0,0.0,0.0,0.0,0.0,0.0,0.0,0.0,0.0,0.0,0.0,0.0,0.0,0.0,14.0,134.0,53.0,148.0,159.0,4.0,15.0,5.0,19.0,15.0,8.0,61.0,25.0,69.0,77.0,0.0,0.0,1.0,0.0,1.0,0.0,0.0,0.0,0.0,0.0,0.0,43.0,17.0,43.0,49.0,2.0,15.0,5.0,17.0,17.0,0.0,4.0,1.0,4.0,3.0,0.0,3.0,1.0,3.0,5.0,0.0,2.0,1.0,2.0,4.0,0.0,0.0,0.0,0.0,0.0,14.0,125.0,50.0,139.0,147.0,0.0,0.0,0.0,0.0,0.0,0.0,3.0,6.0,3.0,6.0,0.0,0.0,0.0,0.0,0.0,0.0,0.0,0.0,0.0,0.0,0.0,0.0,1.0,0.0,1.0,14.0,131.0,46.0,145.0,152.0
Chennai,106.0,425.0,14.0,380.0,85.0,143.0,189.0,377.0,34.0,326.0,34.0,255.0,131.0,491.0,147.0,607.0,4.0,202.0,2.0,154.0,12.0,156.0,67.0,240.0,110.0,383.0,24.0,448.0,72.0,162.0,47.0,194.0,387.0,1034.0,348.0,1734.0,88.0,234.0,81.0,322.0,384.0,369.0,1214.0,276.0,1583.0,1598.0,119.0,540.0,128.0,659.0,697.0,198.0,500.0,212.0,698.0,776.0,89.0,389.0,65.0,478.0,433.0,78.0,445.0,110.0,523.0,501.0,127.0,633.0,153.0,760.0,814.0,89.0,159.0,17.0,248.0,221.0,158.0,624.0,80.0,782.0,650.0,71.0,111.0,44.0,182.0,191.0,126.0,528.0,209.0,654.0,751.0,23.0,179.0,9.0,202.0,159.0,37.0,309.0,19.0,346.0,326.0,310.0,779.0,341.0,1089.0,1277.0,198.0,525.0,212.0,723.0,776.0,369.0,1214.0,276.0,1583.0,1598.0,78.0,445.0,110.0,523.0,501.0,88.0,234.0,81.0,322.0,384.0,89.0,389.0,65.0,478.0,433.0,119.0,515.0,128.0,634.0,697.0,79.0,265.0,10.0,344.0,260.0,56.0,287.0,19.0,343.0,284.0,129.0,249.0,14.0,378.0,289.0,92.0,415.0,151.0,507.0,511.0,474.0,1937.0,672.0,2411.0,2839.0,111.0,169.0,6.0,280.0,206.0,187.0,407.0,132.0,594.0,667.0,0.0,0.0,0.0,0.0,0.0,143.0,269.0,144.0,412.0,507.0,279.0,1521.0,289.0,1800.0,1655.0,332.0,1125.0,307.0,1457.0,1560.0
Coimbatore,5.0,3.0,0.0,6.0,8.0,13.0,1.0,22.0,5.0,2.0,0.0,6.0,13.0,8.0,0.0,21.0,0.0,0.0,0.0,0.0,0.0,0.0,0.0,0.0,89.0,97.0,20.0,206.0,0.0,1.0,1.0,9.0,227.0,251.0,43.0,437.0,19.0,24.0,5.0,43.0,45.0,267.0,244.0,54.0,511.0,500.0,6.0,13.0,0.0,19.0,19.0,0.0,0.0,0.0,0.0,0.0,51.0,86.0,5.0,137.0,131.0,4.0,8.0,1.0,12.0,12.0,12.0,20.0,3.5,32.0,35.0,11.0,15.0,0.0,26.0,25.0,52.0,67.0,15.75,119.0,123.0,28.0,32.0,1.75,60.0,59.0,0.0,0.0,0.0,0.0,0.0,0.0,0.0,0.0,0.0,0.0,0.0,0.0,0.0,0.0,0.0,244.0,241.0,44.0,485.0,465.0,11.0,16.0,2.0,27.0,25.0,267.0,244.0,54.0,511.0,500.0,0.0,6.0,0.0,6.0,8.0,0.0,0.0,0.0,0.0,0.0,11.0,25.0,3.0,36.0,40.0,58.0,84.0,6.0,142.0,134.0,0.0,9.0,0.0,9.0,7.0,5.0,4.0,0.0,9.0,10.0,0.0,0.0,0.0,0.0,0.0,0.0,0.0,0.0,0.0,0.0,342.0,362.0,65.0,704.0,690.0,0.0,0.0,0.0,0.0,0.0,27.0,29.0,4.0,56.0,53.0,0.0,0.0,0.0,0.0,0.0,0.0,0.0,0.0,0.0,0.0,53.0,61.0,9.0,114.0,111.0,267.0,285.0,52.0,552.0,543.0
Delhi,4.0,111.0,12.0,89.0,2.0,112.0,48.0,152.0,9.0,5.0,3.0,8.0,12.0,230.0,53.0,215.0,1.0,69.0,11.0,57.0,8.0,226.0,120.0,259.0,83.0,1159.0,505.0,1621.0,1.0,17.0,3.0,13.0,92.0,1521.0,441.0,1764.0,29.0,244.0,116.0,273.0,367.0,109.0,2180.0,686.0,2289.0,2463.0,7.0,175.0,41.0,182.0,192.0,24.0,328.0,152.0,352.0,463.0,34.0,368.0,141.0,402.0,487.0,9.0,155.0,60.0,164.0,206.0,7.0,152.0,79.0,159.0,217.0,4.0,30.0,7.0,34.0,37.0,21.0,308.0,122.0,329.0,398.0,6.0,95.0,36.0,101.0,110.0,67.0,816.0,206.0,883.0,936.0,5.0,44.0,13.0,49.0,55.0,1.0,20.0,11.0,21.0,23.0,101.0,1985.0,722.0,2086.0,2402.0,6.0,134.0,49.0,140.0,171.0,109.0,2180.0,686.0,2289.0,2463.0,5.0,42.0,20.0,47.0,62.0,8.0,110.0,37.0,118.0,140.0,39.0,300.0,98.0,339.0,401.0,45.0,684.0,306.0,729.0,941.0,27.0,247.0,60.0,274.0,287.0,8.0,131.0,36.0,139.0,143.0,15.0,213.0,78.0,228.0,252.0,98.0,1863.0,511.0,1961.0,2150.0,59.0,927.0,488.0,986.0,1260.0,5.0,69.0,23.0,74.0,86.0,13.0,204.0,31.0,217.0,194.0,0.0,0.0,0.0,0.0,0.0,76.0,973.0,478.0,1049.0,1334.0,17.0,308.0,36.0,325.0,265.0,106.0,1965.0,651.0,2071.0,2385.0
Dhanbad,4.0,3.0,4.0,5.0,3.0,2.0,9.0,15.0,1.0,0.0,2.0,2.0,6.0,5.0,2.0,9.0,0.0,0.0,0.0,0.0,0.0,0.0,11.0,9.0,2.0,7.0,2.0,12.0,9.0,0.0,6.0,11.0,47.0,9.0,47.0,101.0,5.0,2.0,9.0,7.0,16.0,0.0,0.0,0.0,0.0,0.0,13.0,1.0,13.0,14.0,25.0,4.0,2.0,11.0,6.0,17.0,35.0,12.0,18.0,47.0,58.0,15.0,9.0,32.0,24.0,48.0,4.0,2.0,6.0,6.0,8.0,5.0,4.0,3.0,9.0,9.0,39.0,13.0,25.0,52.0,82.0,4.0,1.0,7.0,5.0,8.0,12.0,2.0,21.0,14.0,27.0,1.0,2.0,3.0,3.0,4.0,0.0,0.0,7.0,0.0,6.0,7.0,2.0,11.0,9.0,20.0,4.0,2.0,11.0,6.0,14.0,0.0,0.0,0.0,0.0,0.0,15.0,9.0,32.0,24.0,47.0,5.0,2.0,9.0,7.0,12.0,35.0,12.0,18.0,47.0,69.0,13.0,1.0,13.0,14.0,22.0,6.0,3.0,8.0,9.0,14.0,19.0,8.0,23.0,27.0,48.0,4.0,3.0,2.0,7.0,8.0,3.0,2.0,6.0,5.0,9.0,39.0,10.0,41.0,49.0,83.0,1.0,0.0,3.0,1.0,2.0,5.0,3.0,3.0,8.0,9.0,2.0,4.0,1.0,6.0,8.0,18.0,7.0,29.0,25.0,45.0,40.0,8.0,31.0,48.0,74.0,7.0,4.0,19.0,11.0,28.0
Faridabad,3.0,24.0,4.0,19.0,2.0,14.0,17.0,26.0,0.0,0.0,0.0,0.0,2.0,45.0,7.0,25.0,0.0,0.0,0.0,0.0,5.0,8.0,6.0,15.0,17.0,72.0,68.0,146.0,3.0,6.0,12.0,19.0,33.0,187.0,81.0,239.0,8.0,46.0,33.0,54.0,65.0,57.0,305.0,160.0,362.0,418.0,0.0,2.0,1.0,2.0,2.0,0.0,0.0,0.0,0.0,0.0,0.0,3.0,1.0,3.0,4.0,0.0,0.0,0.0,0.0,0.0,7.0,40.0,16.0,47.0,47.0,0.0,0.0,0.0,0.0,0.0,0.0,2.0,1.0,2.0,2.0,0.0,2.0,0.0,2.0,2.0,0.0,0.0,0.0,0.0,0.0,0.0,0.0,0.0,0.0,0.0,0.0,0.0,0.0,0.0,0.0,58.0,312.0,178.0,370.0,438.0,2.0,6.0,3.0,8.0,9.0,57.0,305.0,160.0,362.0,418.0,0.0,0.0,0.0,0.0,0.0,1.0,3.0,1.0,4.0,4.0,1.0,3.0,3.0,4.0,6.0,4.0,39.0,28.0,43.0,52.0,0.0,0.0,0.0,0.0,0.0,0.0,1.0,0.0,1.0,1.0,0.0,0.0,0.0,0.0,0.0,0.0,0.0,0.0,0.0,0.0,65.0,355.0,195.0,420.0,488.0,0.0,0.0,0.0,0.0,0.0,6.0,37.0,20.0,43.0,54.0,0.0,0.0,0.0,0.0,0.0,0.0,0.0,0.0,0.0,0.0,0.0,0.0,0.0,0.0,0.0,59.0,319.0,175.0,378.0,435.0
Ghaziabad,46.0,27.0,57.0,117.0,30.0,22.0,25.0,69.0,1.0,1.0,6.0,7.0,67.0,36.0,52.0,121.0,0.0,0.0,0.0,0.0,0.0,0.0,0.0,0.0,41.0,22.0,40.0,98.0,9.0,9.0,5.0,22.0,103.0,51.0,141.0,274.0,33.0,11.0,33.0,44.0,79.0,170.0,66.0,194.0,236.0,336.0,21.0,17.0,17.0,38.0,48.0,11.0,12.0,24.0,23.0,54.0,44.0,45.0,43.0,89.0,137.0,18.0,17.0,15.0,35.0,54.0,6.0,8.0,8.0,14.0,19.0,4.0,2.0,2.0,6.0,4.0,16.0,11.0,27.0,27.0,47.0,8.0,7.0,13.0,15.0,17.0,138.0,83.0,147.0,221.0,309.0,0.0,0.0,0.0,0.0,0.0,0.0,0.0,0.0,0.0,0.0,125.0,57.0,129.0,182.0,312.0,16.0,0.0,11.0,16.0,33.0,170.0,66.0,194.0,236.0,336.0,0.0,2.0,0.0,2.0,2.0,4.0,12.0,10.0,16.0,28.0,10.0,16.0,8.0,26.0,33.0,97.0,72.0,103.0,169.0,276.0,27.0,13.0,29.0,40.0,67.0,3.0,1.0,4.0,4.0,7.0,3.0,2.0,4.0,5.0,8.0,114.0,71.0,135.0,185.0,271.0,148.0,81.0,152.0,229.0,351.0,2.0,0.0,2.0,2.0,4.0,79.0,34.0,83.0,113.0,187.0,0.0,0.0,0.0,0.0,0.0,52.0,31.0,61.0,83.0,109.0,56.0,39.0,59.0,95.0,142.0,110.0,64.0,123.0,174.0,270.0
Gwalior,2.0,97.0,17.0,128.0,0.0,21.0,2.0,23.0,8.0,69.0,16.0,113.0,14.0,179.0,49.0,290.0,0.0,0.0,0.0,0.0,21.0,394.0,49.0,466.0,21.0,364.0,92.0,477.0,9.0,72.0,48.0,152.0,20.0,38.0,43.0,150.0,22.0,265.0,45.0,287.0,346.0,46.0,696.0,194.0,742.0,1015.0,2.0,29.0,0.0,31.0,31.0,0.0,0.0,0.0,0.0,0.0,23.0,162.0,70.0,185.0,285.0,2.0,82.0,7.0,84.0,122.0,0.0,9.0,1.0,9.0,16.0,3.0,32.0,9.0,35.0,57.0,13.0,262.0,43.0,275.0,344.0,5.0,82.0,11.0,87.0,117.0,0.0,106.0,37.0,106.0,150.0,2.0,34.0,0.0,36.0,50.0,26.0,31.0,13.0,57.0,81.0,46.0,678.0,202.0,724.0,984.0,0.0,0.0,0.0,0.0,0.0,46.0,696.0,194.0,742.0,1015.0,0.0,0.0,0.0,0.0,0.0,0.0,0.0,0.0,0.0,0.0,0.0,0.0,0.0,0.0,0.0,49.0,538.0,122.0,587.0,784.0,9.0,93.0,17.0,102.0,161.0,0.0,0.0,0.0,0.0,0.0,0.0,0.0,0.0,0.0,0.0,11.0,228.0,57.0,239.0,346.0,75.0,913.0,242.0,988.0,1292.0,0.0,0.0,0.0,0.0,0.0,0.0,0.0,0.0,0.0,0.0,0.0,0.0,0.0,0.0,0.0,0.0,0.0,0.0,0.0,0.0,0.0,0.0,0.0,0.0,0.0,95.0,1234.0,316.0,1329.0,1799.0
Hyderabad,5.0,89.0,5.0,80.0,3.0,20.0,3.0,26.0,0.0,15.0,2.0,25.0,0.0,66.0,6.0,209.0,0.0,0.0,0.0,0.0,0.0,0.0,0.0,0.0,33.0,456.0,72.0,562.0,1.0,1.0,2.0,12.0,55.0,1148.0,164.0,1150.0,13.0,128.0,13.0,141.0,156.0,0.0,0.0,0.0,0.0,0.0,4.0,249.0,31.0,253.0,282.0,58.0,1055.0,173.0,1113.0,1232.0,15.0,220.0,26.0,235.0,245.0,7.0,143.0,11.0,150.0,149.0,0.0,9.0,2.0,9.0,9.0,0.0,0.0,0.0,0.0,0.0,18.0,126.0,3.0,144.0,149.0,0.0,42.0,0.0,42.0,36.0,13.0,316.0,61.0,329.0,400.0,0.0,0.0,0.0,0.0,0.0,0.0,0.0,0.0,0.0,0.0,66.0,1302.0,188.0,1368.0,1470.0,0.0,73.0,10.0,73.0,83.0,0.0,0.0,0.0,0.0,0.0,5.0,53.0,3.0,58.0,56.0,3.0,17.0,1.0,20.0,20.0,10.0,167.0,19.0,177.0,195.0,79.0,1485.0,221.0,1564.0,1710.0,2.0,54.0,4.0,56.0,55.0,0.0,44.0,3.0,44.0,37.0,0.0,70.0,4.0,70.0,68.0,4.0,99.0,10.0,103.0,108.0,91.0,1516.0,233.0,1607.0,1785.0,0.0,12.0,0.0,12.0,11.0,1.0,15.0,3.0,16.0,16.0,0.0,1.0,0.0,1.0,1.0,22.0,489.0,73.0,511.0,562.0,0.0,13.0,0.0,13.0,9.0,74.0,1277.0,178.0,1351.0,1476.0
Indore,1.0,39.0,3.0,50.0,8.0,40.0,5.0,51.0,0.0,4.0,3.0,25.0,13.0,175.0,14.0,310.0,4.0,8.0,0.0,12.0,16.0,232.0,10.0,354.0,69.0,612.0,142.0,788.0,2.0,23.0,3.0,117.0,109.0,1293.0,279.0,1329.0,24.0,330.0,36.0,354.0,418.0,51.0,1138.0,292.0,1189.0,1396.0,70.0,198.0,31.0,268.0,252.0,0.0,0.0,0.0,0.0,0.0,39.0,399.0,47.0,438.0,509.0,38.0,361.0,53.0,399.0,461.0,8.0,59.0,24.0,67.0,91.0,11.0,119.0,26.0,130.0,133.0,0.0,0.0,0.0,0.0,0.0,0.0,0.0,0.0,0.0,0.0,13.0,326.0,48.0,339.0,376.0,0.0,0.0,0.0,0.0,0.0,18.0,185.0,15.0,203.0,187.0,172.0,1737.0,346.0,1909.0,2249.0,0.0,0.0,0.0,0.0,0.0,51.0,1138.0,292.0,1189.0,1396.0,0.0,0.0,0.0,0.0,0.0,0.0,0.0,0.0,0.0,0.0,0.0,2.0,0.0,2.0,2.0,171.0,1286.0,167.0,1457.0,1638.0,0.0,0.0,0.0,0.0,0.0,0.0,3.0,0.0,3.0,4.0,0.0,0.0,0.0,0.0,0.0,0.0,0.0,0.0,0.0,0.0,222.0,2423.0,459.0,2645.0,3032.0,0.0,0.0,0.0,0.0,0.0,0.0,0.0,0.0,0.0,0.0,0.0,0.0,0.0,0.0,0.0,19.0,262.0,39.0,281.0,344.0,0.0,0.0,0.0,0.0,0.0,203.0,2164.0,420.0,2367.0,2692.0
Jabalpur,18.0,219.0,13.0,204.0,1.0,7.0,1.0,8.0,9.0,108.0,9.0,63.0,81.0,545.0,83.0,624.0,0.0,24.0,2.0,24.0,7.0,62.0,43.0,118.0,1.0,8.0,2.0,9.0,27.0,205.0,78.0,271.0,346.0,1589.0,191.0,1905.0,24.0,188.0,9.0,212.0,232.0,243.0,1254.0,205.0,1497.0,1548.0,2.0,16.0,0.0,18.0,18.0,14.0,171.0,41.0,185.0,216.0,176.0,834.0,144.0,1010.0,933.0,31.0,304.0,23.0,335.0,279.0,0.0,0.0,0.0,0.0,1.0,7.0,14.0,2.0,21.0,18.0,11.0,72.0,9.0,83.0,64.0,0.0,0.0,0.0,0.0,1.0,472.0,2676.0,407.0,3148.0,3134.0,0.0,0.0,2.0,0.0,2.0,0.0,0.0,2.0,0.0,1.0,0.0,5.0,0.0,5.0,5.0,0.0,0.0,0.0,0.0,0.0,243.0,1254.0,205.0,1497.0,1548.0,0.0,0.0,0.0,0.0,0.0,0.0,0.0,0.0,0.0,0.0,0.0,0.0,0.0,0.0,0.0,247.0,1513.0,217.0,1760.0,1678.0,8.0,54.0,4.0,62.0,65.0,34.0,124.0,27.0,158.0,170.0,0.0,0.0,0.0,0.0,0.0,12.0,154.0,7.0,166.0,167.0,430.0,2371.0,382.0,2801.0,2753.0,6.0,64.0,2.0,70.0,71.0,34.0,169.0,29.0,203.0,222.0,0.0,0.0,0.0,0.0,0.0,91.0,579.0,58.0,670.0,694.0,21.0,160.0,30.0,181.0,205.0,344.0,1859.0,305.0,2203.0,2105.0
Jaipur,7.0,13.0,10.0,29.0,2.0,5.0,6.0,13.0,35.0,59.0,35.0,96.0,121.0,276.0,112.0,530.0,2.0,3.0,7.0,12.0,48.0,116.0,80.0,210.0,58.0,160.0,110.0,283.0,54.0,89.0,78.0,220.0,117.0,403.0,168.0,547.0,46.0,117.0,35.0,163.0,174.0,345.0,829.0,459.0,1174.0,1449.0,3.0,39.0,24.0,42.0,59.0,0.0,25.0,15.0,25.0,40.0,49.0,110.0,66.0,159.0,207.0,1.0,4.0,7.0,5.0,11.0,27.0,60.0,49.0,87.0,114.0,3.0,10.0,6.0,13.0,21.0,43.0,167.0,83.0,210.0,260.0,1.0,3.0,6.0,4.0,11.0,22.0,64.0,26.0,86.0,100.0,2.0,5.0,4.0,7.0,12.0,1.0,3.0,1.0,4.0,5.0,345.0,812.0,431.0,1157.0,1417.0,1.0,3.0,4.0,4.0,8.0,345.0,829.0,459.0,1174.0,1449.0,4.0,5.0,0.0,9.0,7.0,0.0,0.0,0.0,0.0,0.0,48.0,94.0,58.0,142.0,185.0,46.0,193.0,85.0,239.0,291.0,25.0,35.0,14.0,60.0,61.0,16.0,17.0,8.0,33.0,49.0,4.0,7.0,7.0,11.0,18.0,20.0,71.0,32.0,91.0,116.0,379.0,993.0,540.0,1372.0,1687.0,0.0,1.0,5.0,1.0,9.0,7.0,12.0,0.0,19.0,15.0,0.0,0.0,0.0,0.0,0.0,0.0,0.0,1.0,0.0,1.0,0.0,0.0,0.0,0.0,0.0,437.0,1112.0,605.0,1549.0,1924.0
Jamshedpur,12.0,1.0,6.0,17.0,6.0,2.0,4.0,10.0,6.0,1.0,2.0,7.0,11.0,3.0,7.0,18.0,3.0,0.0,2.0,3.0,5.0,0.0,3.0,5.0,7.0,5.0,9.0,21.0,7.0,0.0,3.0,8.0,19.0,3.0,11.0,30.0,16.0,2.0,11.0,18.0,25.0,0.0,0.0,0.0,0.0,0.0,11.0,2.0,7.0,13.0,17.0,8.0,1.0,5.0,9.0,10.0,22.0,6.0,14.0,28.0,38.0,19.0,4.0,10.0,23.0,29.0,5.0,2.0,3.0,7.0,7.0,0.0,0.0,0.0,0.0,0.0,19.0,3.0,11.0,22.0,31.0,9.0,3.0,4.0,12.0,13.0,10.0,1.0,6.0,11.0,13.0,0.0,0.0,0.0,0.0,0.0,6.0,3.0,2.0,9.0,7.0,27.0,3.0,21.0,30.0,48.0,11.0,1.0,6.0,12.0,14.0,0.0,0.0,0.0,0.0,0.0,9.0,2.0,6.0,11.0,15.0,10.0,2.0,5.0,12.0,16.0,12.0,2.0,8.0,14.0,17.0,34.0,8.0,22.0,42.0,57.0,0.0,0.0,0.0,0.0,0.0,0.0,0.0,0.0,0.0,0.0,0.0,0.0,0.0,0.0,0.0,0.0,0.0,0.0,0.0,0.0,76.0,15.0,47.0,91.0,119.0,0.0,0.0,0.0,0.0,0.0,18.0,3.0,12.0,21.0,30.0,0.0,0.0,0.0,0.0,0.0,8.0,2.0,4.0,10.0,9.0,23.0,4.0,14.0,27.0,36.0,27.0,6.0,17.0,33.0,44.0
Jodhpur,1.0,5.0,1.0,2.0,0.0,0.0,0.0,0.0,0.0,1.0,3.0,3.0,4.0,35.0,18.0,41.0,0.0,1.0,1.0,2.0,0.0,1.0,0.0,1.0,2.0,13.0,26.0,42.0,0.0,4.0,3.0,11.0,26.0,114.0,90.0,190.0,0.0,3.0,0.0,3.0,4.0,27.0,120.0,104.0,147.0,197.0,2.0,7.0,6.0,9.0,12.0,2.0,21.0,12.0,23.0,35.0,2.0,22.0,15.0,24.0,39.0,0.0,1.0,5.0,1.0,5.0,2.0,2.0,3.0,4.0,4.0,0.0,0.0,0.0,0.0,0.0,3.0,9.0,19.0,12.0,17.0,1.0,4.0,1.0,5.0,8.0,7.0,25.0,6.0,32.0,33.0,0.0,0.0,0.0,0.0,0.0,0.0,0.0,0.0,0.0,0.0,20.0,134.0,113.0,154.0,230.0,0.0,1.0,3.0,1.0,4.0,27.0,120.0,104.0,147.0,197.0,0.0,9.0,6.0,9.0,12.0,0.0,0.0,0.0,0.0,0.0,1.0,6.0,1.0,7.0,7.0,5.0,38.0,28.0,43.0,72.0,1.0,6.0,9.0,7.0,13.0,0.0,0.0,2.0,0.0,3.0,0.0,0.0,0.0,0.0,0.0,1.0,11.0,17.0,12.0,25.0,31.0,157.0,114.0,188.0,251.0,0.0,0.0,0.0,0.0,0.0,1.0,21.0,26.0,22.0,42.0,0.0,0.0,0.0,0.0,0.0,3.0,11.0,13.0,14.0,19.0,0.0,0.0,0.0,0.0,0.0,29.0,142.0,103.0,171.0,231.0
Kannur,27.0,36.0,2.0,47.0,2.0,2.0,4.0,8.0,10.0,23.0,0.0,18.0,28.0,39.0,6.0,67.0,0.0,0.0,0.0,0.0,0.0,0.0,0.0,8.0,72.0,36.0,18.0,124.0,1.0,4.0,0.0,6.0,164.0,129.0,27.0,226.0,16.0,15.0,2.0,31.0,26.0,214.0,190.0,46.0,404.0,362.0,5.0,2.0,0.0,7.0,7.0,0.0,0.0,0.0,0.0,0.0,36.0,26.0,6.0,62.0,58.0,33.0,36.0,3.0,69.0,51.0,2.0,5.0,2.0,7.0,10.0,0.0,0.0,0.0,0.0,1.0,38.0,41.0,9.0,79.0,71.0,0.0,1.0,0.0,1.0,1.0,0.0,0.0,0.0,0.0,0.0,0.0,0.0,0.0,0.0,0.0,0.0,0.0,0.0,0.0,0.0,264.0,222.0,46.0,486.0,421.0,0.0,0.0,0.0,0.0,0.0,214.0,190.0,46.0,404.0,362.0,12.0,10.0,4.0,22.0,27.0,0.0,0.0,0.0,0.0,0.0,3.0,4.0,0.0,7.0,6.0,75.0,65.0,7.0,140.0,109.0,2.0,5.0,0.0,7.0,5.0,1.0,0.0,0.0,1.0,1.0,0.0,0.0,0.0,0.0,0.0,73.0,57.0,14.0,130.0,123.0,228.0,207.0,43.0,435.0,375.0,0.0,0.0,0.0,0.0,0.0,0.0,0.0,0.0,0.0,0.0,0.0,0.0,0.0,0.0,0.0,0.0,0.0,0.0,0.0,0.0,63.0,51.0,9.0,114.0,94.0,241.0,218.0,48.0,459.0,410.0
Kanpur,20.0,16.0,10.0,38.0,13.0,0.0,9.0,16.0,3.0,0.0,3.0,4.0,123.0,20.0,112.0,263.0,90.0,18.0,75.0,172.0,133.0,3.0,100.0,166.0,10.0,13.0,7.0,28.0,8.0,0.0,5.0,296.0,293.0,15.0,242.0,241.0,20.0,4.0,15.0,24.0,35.0,584.0,72.0,479.0,656.0,1037.0,24.0,2.0,18.0,26.0,39.0,13.0,1.0,8.0,14.0,23.0,31.0,4.0,26.0,35.0,55.0,21.0,2.0,17.0,23.0,35.0,11.0,4.0,8.0,15.0,18.0,30.0,5.0,27.0,35.0,53.0,31.0,3.0,26.0,34.0,52.0,258.0,29.0,211.0,287.0,473.0,244.0,27.0,187.0,271.0,399.0,6.0,3.0,5.0,9.0,14.0,37.0,6.0,32.0,43.0,69.0,76.0,8.0,67.0,84.0,146.0,34.0,3.0,24.0,37.0,56.0,584.0,72.0,479.0,656.0,1037.0,2.0,0.0,2.0,2.0,4.0,2.0,0.0,3.0,2.0,7.0,2.0,0.0,2.0,2.0,5.0,69.0,10.0,53.0,79.0,115.0,78.0,7.0,71.0,85.0,146.0,26.0,1.0,21.0,27.0,43.0,2.0,1.0,2.0,3.0,8.0,388.0,65.0,304.0,453.0,695.0,86.0,2.0,78.0,88.0,148.0,113.0,9.0,87.0,122.0,184.0,197.0,17.0,172.0,214.0,364.0,65.0,9.0,49.0,74.0,109.0,247.0,24.0,195.0,271.0,414.0,87.0,21.0,69.0,108.0,161.0,97.0,14.0,78.0,111.0,176.0
Khozikode,25.0,17.0,8.0,83.0,18.0,1.0,2.0,0.0,11.0,3.0,0.0,70.0,24.0,21.0,2.0,343.0,0.0,0.0,0.0,0.0,12.0,4.0,2.0,27.0,167.0,45.0,20.0,0.0,2.0,2.0,1.0,58.0,503.0,157.0,56.0,422.0,59.0,23.0,5.0,82.0,96.0,555.0,181.0,74.0,736.0,724.0,4.0,1.0,0.0,5.0,4.0,0.0,1.0,1.0,1.0,3.0,116.0,41.0,11.0,157.0,151.0,28.0,3.0,0.0,31.0,25.0,10.0,5.0,4.0,15.0,16.0,0.0,0.0,0.0,0.0,0.0,51.0,13.0,6.0,64.0,64.0,3.0,0.0,0.0,3.0,3.0,127.0,40.0,13.0,167.0,165.0,0.0,0.0,0.0,0.0,0.0,0.0,0.0,0.0,0.0,0.0,571.0,192.0,68.0,763.0,755.0,6.0,1.0,0.0,7.0,7.0,555.0,181.0,74.0,736.0,724.0,39.0,15.0,4.0,54.0,54.0,0.0,1.0,0.0,1.0,1.0,22.0,9.0,3.0,31.0,39.0,140.0,43.0,10.0,183.0,178.0,8.0,4.0,1.0,12.0,15.0,0.0,3.0,0.0,3.0,4.0,1.0,0.0,0.0,1.0,2.0,197.0,59.0,23.0,256.0,275.0,555.0,181.0,66.0,736.0,703.0,1.0,3.0,1.0,4.0,4.0,57.0,22.0,18.0,79.0,82.0,0.0,0.0,0.0,0.0,0.0,0.0,0.0,0.0,0.0,0.0,45.0,15.0,4.0,60.0,57.0,660.0,213.0,69.0,873.0,864.0
Kochi,100.0,29.0,8.0,125.0,0.0,0.0,0.0,0.0,60.0,17.0,6.0,82.0,357.0,108.0,21.0,469.0,0.0,0.0,0.0,0.0,26.0,10.0,5.0,43.0,0.0,0.0,0.0,0.0,68.0,19.0,21.0,107.0,511.0,101.0,40.0,611.0,140.0,33.0,12.0,173.0,168.0,712.0,175.0,70.0,887.0,912.0,13.0,0.0,1.0,13.0,15.0,58.0,20.0,5.0,78.0,84.0,152.0,43.0,10.0,195.0,194.0,47.0,13.0,3.0,60.0,64.0,16.0,4.0,3.0,20.0,20.0,1.0,0.0,0.0,1.0,1.0,54.0,11.0,2.0,65.0,62.0,4.0,2.0,0.0,6.0,5.0,234.0,46.0,22.0,280.0,296.0,0.0,0.0,0.0,0.0,0.0,0.0,0.0,0.0,0.0,0.0,813.0,221.0,74.0,1034.0,1053.0,23.0,8.0,1.0,31.0,30.0,712.0,175.0,70.0,887.0,866.0,223.0,51.0,23.0,274.0,286.0,1.0,0.0,0.0,1.0,2.0,96.0,17.0,5.0,113.0,119.0,67.0,33.0,2.0,100.0,134.0,14.0,6.0,1.0,20.0,21.0,0.0,1.0,0.0,1.0,1.0,10.0,0.0,1.0,10.0,6.0,402.0,72.0,45.0,474.0,501.0,695.0,203.0,54.0,898.0,905.0,1.0,2.0,0.0,3.0,3.0,51.0,7.0,7.0,58.0,64.0,0.0,0.0,0.0,0.0,0.0,44.0,16.0,9.0,60.0,68.0,5.0,8.0,3.0,13.0,14.0,1022.0,253.0,82.0,1275.0,1291.0
Kolkata,6.0,38.0,1.0,47.0,41.0,17.0,23.0,72.0,43.0,29.0,10.0,91.0,48.0,56.0,8.0,210.0,21.0,13.0,0.0,29.0,32.0,24.0,0.0,58.0,332.0,175.0,94.0,576.0,45.0,19.0,1.0,156.0,276.0,186.0,64.0,444.0,53.0,47.0,18.0,100.0,133.0,535.0,280.0,159.0,815.0,948.0,27.0,26.0,8.0,53.0,76.0,34.0,34.0,5.0,68.0,87.0,119.0,105.0,7.0,224.0,271.0,76.0,65.0,4.0,141.0,168.0,22.0,18.0,16.0,40.0,63.0,9.0,8.0,0.0,17.0,23.0,112.0,59.0,76.0,171.0,238.0,21.0,20.0,3.0,41.0,55.0,17.0,11.0,0.0,28.0,33.0,5.0,3.0,2.0,8.0,12.0,4.0,2.0,0.0,6.0,6.0,654.0,436.0,104.0,1090.0,1253.0,21.0,19.0,2.0,40.0,54.0,535.0,280.0,159.0,815.0,948.0,34.0,29.0,25.0,63.0,105.0,24.0,22.0,0.0,46.0,59.0,115.0,106.0,9.0,221.0,265.0,115.0,101.0,6.0,216.0,252.0,0.0,0.0,2.0,0.0,2.0,6.0,22.0,2.0,28.0,43.0,0.0,1.0,0.0,1.0,1.0,838.0,534.0,184.0,1372.0,1629.0,0.0,0.0,13.0,0.0,8.0,0.0,0.0,0.0,0.0,0.0,19.0,14.0,2.0,33.0,50.0,0.0,0.0,0.0,0.0,0.0,11.0,13.0,0.0,24.0,26.0,38.0,27.0,9.0,65.0,71.0,776.0,503.0,190.0,1279.0,1536.0
Kollam,120.0,21.0,9.0,128.0,0.0,0.0,0.0,0.0,44.0,8.0,9.0,57.0,424.0,67.0,60.0,474.0,0.0,0.0,0.0,0.0,17.0,0.0,3.0,20.0,0.0,0.0,0.0,0.0,46.0,7.0,14.0,68.0,555.0,72.0,99.0,664.0,92.0,12.0,14.0,104.0,109.0,603.0,76.0,105.0,679.0,716.0,5.0,0.0,0.0,5.0,5.0,6.0,0.0,2.0,6.0,6.0,410.0,75.0,61.0,485.0,481.0,90.0,12.0,12.0,102.0,94.0,21.0,6.0,5.0,27.0,27.0,3.0,2.0,0.0,5.0,5.0,233.0,24.0,46.0,257.0,262.0,3.0,0.0,0.0,3.0,3.0,202.0,26.0,32.0,228.0,248.0,0.0,0.0,0.0,0.0,0.0,0.0,0.0,0.0,0.0,0.0,744.0,117.0,111.0,861.0,866.0,92.0,17.0,13.0,109.0,98.0,603.0,76.0,105.0,679.0,716.0,110.0,13.0,11.0,123.0,130.0,53.0,5.0,7.0,58.0,61.0,74.0,16.0,13.0,90.0,91.0,274.0,48.0,45.0,322.0,315.0,9.0,0.0,1.0,9.0,10.0,0.0,2.0,0.0,2.0,4.0,4.0,0.0,0.0,4.0,4.0,400.0,40.0,85.0,440.0,481.0,792.0,133.0,107.0,925.0,910.0,1.0,0.0,1.0,1.0,2.0,14.0,0.0,2.0,14.0,15.0,15.0,0.0,2.0,15.0,15.0,141.0,34.0,44.0,175.0,190.0,16.0,4.0,4.0,20.0,23.0,1020.0,137.0,142.0,1157.0,1168.0
Kota,1.0,7.0,1.0,7.0,1.0,4.0,1.0,6.0,1.0,0.0,0.0,2.0,0.0,10.0,0.0,25.0,0.0,3.0,1.0,3.0,0.0,0.0,0.0,2.0,17.0,52.0,15.0,80.0,0.0,0.0,0.0,0.0,47.0,219.0,42.0,228.0,8.0,21.0,4.0,29.0,24.0,45.0,223.0,53.0,268.0,267.0,6.0,17.0,1.0,23.0,26.0,0.0,0.0,0.0,0.0,0.0,8.0,28.0,2.0,36.0,30.0,0.0,6.0,0.0,6.0,6.0,4.0,15.0,4.0,19.0,19.0,4.0,4.0,0.0,8.0,7.0,7.0,26.0,4.0,33.0,39.0,2.0,6.0,0.0,8.0,6.0,0.0,0.0,0.0,0.0,0.0,0.0,4.0,1.0,4.0,2.0,0.0,1.0,0.0,1.0,1.0,50.0,239.0,51.0,289.0,279.0,0.0,0.0,0.0,0.0,0.0,45.0,223.0,53.0,268.0,267.0,0.0,1.0,0.0,1.0,1.0,0.0,0.0,0.0,0.0,0.0,0.0,0.0,0.0,0.0,0.0,22.0,71.0,7.0,93.0,85.0,0.0,9.0,0.0,9.0,6.0,0.0,1.0,0.0,1.0,1.0,0.0,0.0,0.0,0.0,0.0,0.0,7.0,1.0,7.0,8.0,67.0,278.0,59.0,345.0,338.0,0.0,0.0,0.0,0.0,0.0,0.0,0.0,0.0,0.0,0.0,0.0,0.0,0.0,0.0,0.0,0.0,0.0,0.0,0.0,0.0,0.0,0.0,0.0,0.0,0.0,67.0,295.0,60.0,362.0,353.0
Lucknow,27.0,32.0,33.0,93.0,4.0,0.0,7.0,13.0,34.0,28.0,54.0,106.0,77.0,65.0,81.0,223.0,9.0,8.0,19.0,31.0,0.0,0.0,0.0,0.0,18.0,11.0,26.0,57.0,53.0,44.0,59.0,158.0,84.0,60.0,95.0,265.0,24.0,15.0,32.0,39.0,48.0,126.0,149.0,161.0,275.0,584.0,36.0,23.0,41.0,59.0,62.0,31.0,21.0,38.0,52.0,68.0,51.0,22.0,57.0,73.0,106.0,38.0,18.0,45.0,56.0,78.0,23.0,15.0,26.0,38.0,67.0,28.0,21.0,32.0,49.0,89.0,46.0,33.0,51.0,79.0,142.0,27.0,19.0,39.0,46.0,81.0,51.0,43.0,67.0,94.0,156.0,23.0,18.0,33.0,41.0,73.0,0.0,0.0,0.0,0.0,0.0,108.0,99.0,126.0,207.0,338.0,0.0,0.0,0.0,0.0,0.0,126.0,149.0,161.0,275.0,584.0,0.0,0.0,0.0,0.0,0.0,0.0,0.0,0.0,0.0,0.0,0.0,0.0,0.0,0.0,0.0,180.0,99.0,213.0,279.0,362.0,58.0,52.0,74.0,110.0,200.0,16.0,8.0,21.0,24.0,43.0,18.0,11.0,25.0,29.0,54.0,47.0,45.0,59.0,92.0,153.0,127.0,97.0,139.0,224.0,360.0,40.0,35.0,56.0,75.0,136.0,89.0,75.0,109.0,164.0,270.0,45.0,36.0,60.0,81.0,147.0,38.0,35.0,52.0,73.0,125.0,73.0,57.0,81.0,130.0,219.0,61.0,45.0,72.0,106.0,185.0
Ludhiana,10.0,0.0,44.0,50.0,32.0,18.0,45.0,87.0,0.0,0.0,0.0,0.0,18.0,0.0,40.0,50.0,0.0,0.0,0.0,0.0,0.0,0.0,0.0,0.0,29.0,0.0,63.0,91.0,0.0,0.0,0.0,0.0,50.0,27.0,91.0,140.0,20.0,7.0,30.0,27.0,52.0,67.0,2.0,153.0,69.0,235.0,5.0,8.0,20.0,13.0,25.0,20.0,3.0,40.0,23.0,49.0,10.0,15.0,15.0,25.0,27.0,17.0,10.0,25.0,27.0,30.0,20.0,10.0,99.0,30.0,126.0,0.0,0.0,0.0,0.0,0.0,27.0,18.0,55.0,45.0,39.0,0.0,0.0,0.0,0.0,0.0,3.0,12.0,20.0,15.0,55.0,0.0,0.0,0.0,0.0,0.0,0.0,0.0,0.0,0.0,0.0,89.0,5.0,109.0,94.0,198.0,20.0,3.0,40.0,23.0,46.0,67.0,2.0,153.0,69.0,235.0,17.0,10.0,25.0,27.0,36.0,20.0,7.0,30.0,27.0,49.0,10.0,15.0,15.0,25.0,25.0,5.0,8.0,20.0,13.0,27.0,18.0,5.0,53.0,23.0,36.0,8.0,2.0,30.0,10.0,49.0,12.0,0.0,15.0,12.0,26.0,42.0,20.0,68.0,62.0,87.0,59.0,18.0,98.0,77.0,163.0,0.0,0.0,19.0,0.0,57.0,20.0,0.0,53.0,20.0,94.0,0.0,0.0,0.0,0.0,0.0,69.0,20.0,110.0,89.0,211.0,17.0,10.0,25.0,27.0,36.0,33.0,15.0,95.0,48.0,77.0
Madurai,1.0,13.0,4.0,15.0,4.0,23.0,3.0,30.0,1.0,1.0,0.0,2.0,0.0,15.0,1.0,13.0,0.0,3.0,1.0,4.0,0.0,0.0,0.0,0.0,32.0,92.0,20.0,140.0,1.0,0.0,1.0,2.0,73.0,240.0,51.0,324.0,14.0,24.0,2.0,38.0,32.0,80.0,301.0,69.0,381.0,422.0,1.0,1.0,1.0,2.0,3.0,7.0,10.0,4.0,17.0,18.0,8.0,46.0,4.0,54.0,47.0,2.0,5.0,1.0,7.0,8.0,7.0,79.0,9.0,86.0,87.0,0.0,2.0,4.0,2.0,4.0,4.0,59.0,3.0,63.0,59.0,1.0,1.0,0.0,2.0,2.0,0.0,0.0,0.0,0.0,0.0,8.0,16.0,0.0,24.0,20.0,0.0,0.0,0.0,0.0,0.0,92.0,230.0,65.0,322.0,358.0,0.0,2.0,0.0,2.0,2.0,80.0,301.0,69.0,381.0,422.0,1.0,5.0,0.0,6.0,6.0,0.0,4.0,3.0,4.0,7.0,13.0,15.0,1.0,28.0,22.0,18.0,60.0,8.0,78.0,71.0,6.0,16.0,3.0,22.0,18.0,3.0,18.0,1.0,21.0,14.0,0.0,3.0,0.0,3.0,1.0,0.0,0.0,0.0,0.0,0.0,103.0,350.0,77.0,453.0,497.0,0.0,0.0,0.0,0.0,0.0,0.0,0.0,0.0,0.0,0.0,0.0,0.0,0.0,0.0,0.0,0.0,0.0,0.0,0.0,0.0,0.0,0.0,0.0,0.0,0.0,112.0,387.0,81.0,499.0,530.0
Mallapuram,100.0,73.0,18.0,199.0,19.0,2.0,1.0,0.0,17.0,12.0,4.0,86.0,71.0,79.0,19.0,643.0,0.0,0.0,0.0,0.0,3.0,7.0,1.0,24.0,317.0,59.0,64.0,0.0,12.0,5.0,2.0,176.0,829.0,223.0,138.0,656.0,21.0,13.0,2.0,34.0,26.0,1185.0,379.0,211.0,1564.0,1525.0,4.0,3.0,0.0,7.0,6.0,0.0,0.0,0.0,0.0,0.0,118.0,39.0,24.0,157.0,165.0,40.0,26.0,10.0,66.0,62.0,12.0,3.0,2.0,15.0,11.0,6.0,2.0,3.0,8.0,8.0,223.0,87.0,41.0,310.0,300.0,3.0,0.0,0.0,3.0,3.0,206.0,58.0,44.0,264.0,275.0,0.0,0.0,0.0,0.0,0.0,0.0,0.0,0.0,0.0,0.0,918.0,310.0,157.0,1228.0,1187.0,0.0,0.0,0.0,0.0,0.0,1185.0,379.0,211.0,1564.0,1525.0,17.0,8.0,3.0,25.0,27.0,2.0,2.0,0.0,4.0,3.0,3.0,2.0,0.0,5.0,4.0,161.0,69.0,33.0,230.0,225.0,30.0,10.0,5.0,40.0,38.0,3.0,1.0,0.0,4.0,5.0,0.0,0.0,0.0,0.0,0.0,29.0,6.0,21.0,35.0,51.0,1306.0,443.0,221.0,1749.0,1690.0,0.0,0.0,0.0,0.0,0.0,40.0,20.0,15.0,60.0,68.0,0.0,0.0,0.0,0.0,0.0,0.0,0.0,0.0,0.0,0.0,188.0,68.0,45.0,256.0,256.0,1140.0,372.0,187.0,1512.0,1460.0
Meerut,2.0,54.0,23.0,69.0,0.0,9.0,2.0,12.0,2.0,48.0,16.0,53.0,5.0,101.0,59.0,146.0,0.0,8.0,2.0,9.0,3.0,57.0,122.0,141.0,2.0,25.0,18.0,45.0,6.0,49.0,23.0,66.0,7.0,109.0,84.0,184.0,0.0,22.0,19.0,22.0,38.0,24.0,381.0,287.0,405.0,604.0,0.0,7.0,6.0,7.0,11.0,1.0,11.0,12.0,12.0,17.0,2.0,24.0,14.0,26.0,35.0,0.0,15.0,11.0,15.0,20.0,1.0,49.0,29.0,50.0,67.0,2.0,38.0,21.0,40.0,43.0,2.0,34.0,17.0,36.0,47.0,2.0,18.0,7.0,20.0,18.0,12.0,247.0,222.0,259.0,428.0,2.0,7.0,2.0,9.0,8.0,1.0,5.0,1.0,6.0,6.0,5.0,62.0,50.0,67.0,108.0,0.0,8.0,9.0,8.0,15.0,24.0,381.0,287.0,405.0,604.0,0.0,7.0,2.0,7.0,6.0,2.0,12.0,8.0,14.0,15.0,0.0,15.0,6.0,15.0,15.0,1.0,37.0,37.0,38.0,70.0,4.0,69.0,42.0,73.0,101.0,4.0,52.0,27.0,56.0,74.0,2.0,18.0,7.0,20.0,21.0,3.0,87.0,84.0,90.0,127.0,12.0,206.0,168.0,218.0,362.0,2.0,28.0,21.0,30.0,40.0,9.0,94.0,58.0,103.0,134.0,3.0,31.0,6.0,34.0,18.0,7.0,196.0,185.0,203.0,348.0,3.0,18.0,21.0,21.0,37.0,5.0,121.0,79.0,126.0,188.0
Mumbai,103.0,30.0,5.0,107.0,18.0,0.0,3.0,21.0,0.0,0.0,0.0,40.0,52.0,28.0,32.0,90.0,0.0,0.0,0.0,0.0,98.0,122.0,120.0,267.0,897.0,108.0,136.0,944.0,1.0,3.0,0.0,3.0,128.0,152.0,53.0,340.0,0.0,0.0,0.0,0.0,0.0,1.0,1.0,1.0,2.0,4.0,0.0,0.0,0.0,0.0,0.0,1296.0,442.0,28.0,1738.0,1494.0,0.0,0.0,110.0,0.0,107.0,0.0,0.0,210.0,0.0,207.0,15.0,12.0,3.0,27.0,35.0,0.0,0.0,0.0,0.0,0.0,0.0,0.0,0.0,0.0,0.0,0.0,0.0,0.0,0.0,0.0,0.0,0.0,0.0,0.0,0.0,0.0,0.0,0.0,0.0,0.0,0.0,0.0,0.0,0.0,0.0,1282.0,431.0,346.0,1713.0,1777.0,0.0,0.0,0.0,0.0,0.0,1.0,1.0,1.0,2.0,4.0,0.0,0.0,0.0,0.0,0.0,0.0,0.0,0.0,0.0,0.0,0.0,0.0,0.0,0.0,0.0,1296.0,442.0,348.0,1738.0,1808.0,0.0,0.0,0.0,0.0,0.0,27.0,0.0,0.0,27.0,27.0,0.0,0.0,0.0,0.0,0.0,0.0,0.0,0.0,0.0,0.0,1270.0,443.0,349.0,1713.0,1785.0,0.0,0.0,0.0,0.0,0.0,0.0,0.0,0.0,0.0,0.0,0.0,0.0,0.0,0.0,0.0,0.0,0.0,0.0,0.0,0.0,0.0,0.0,0.0,0.0,0.0,1297.0,443.0,349.0,1740.0,1812.0
Nagpur,16.0,16.0,5.0,21.0,23.0,13.0,16.0,52.0,9.0,0.0,1.0,2.0,32.0,35.0,20.0,46.0,0.0,0.0,0.0,0.0,1.0,1.0,0.0,1.0,70.0,62.0,48.0,174.0,4.0,8.0,6.0,18.0,265.0,197.0,114.0,459.0,49.0,48.0,27.0,97.0,103.0,368.0,281.0,183.0,649.0,664.0,0.0,0.0,0.0,0.0,0.0,0.0,1.0,0.0,1.0,1.0,2.0,1.0,0.0,3.0,3.0,1.0,1.0,0.0,2.0,2.0,10.0,1.0,7.0,11.0,13.0,0.0,0.0,0.0,0.0,0.0,8.0,8.0,9.0,16.0,20.0,1.0,0.0,0.0,1.0,1.0,0.0,0.0,0.0,0.0,0.0,0.0,0.0,0.0,0.0,0.0,0.0,0.0,1.0,0.0,1.0,401.0,323.0,193.0,724.0,738.0,10.0,9.0,10.0,19.0,24.0,368.0,281.0,183.0,649.0,664.0,0.0,0.0,1.0,0.0,1.0,1.0,2.0,0.0,3.0,3.0,20.0,11.0,4.0,31.0,28.0,21.0,29.0,12.0,50.0,53.0,23.0,21.0,9.0,44.0,34.0,7.0,2.0,4.0,9.0,8.0,0.0,1.0,0.0,1.0,1.0,186.0,153.0,101.0,339.0,359.0,203.0,155.0,96.0,358.0,370.0,1.0,0.0,0.0,1.0,1.0,0.0,0.0,0.0,0.0,0.0,0.0,0.0,0.0,0.0,0.0,0.0,0.0,0.0,0.0,0.0,0.0,0.0,0.0,0.0,0.0,420.0,332.0,210.0,752.0,773.0
Nashik,11.0,5.0,1.0,9.0,5.0,1.0,8.0,14.0,1.0,0.0,0.0,1.0,17.0,15.0,5.0,27.0,0.0,0.0,0.0,0.0,2.0,0.0,3.0,4.0,49.0,10.0,45.0,96.0,0.0,0.0,4.0,4.0,202.0,47.0,105.0,261.0,42.0,14.0,19.0,56.0,59.0,221.0,61.0,136.0,282.0,324.0,9.0,0.0,0.0,9.0,5.0,0.0,0.0,0.0,0.0,0.0,15.0,3.0,16.0,18.0,28.0,0.0,0.0,0.0,0.0,0.0,7.0,1.0,5.0,8.0,10.0,0.0,0.0,0.0,0.0,0.0,5.0,0.0,2.0,5.0,6.0,2.0,0.0,1.0,2.0,2.0,2.0,0.0,1.0,2.0,3.0,0.0,0.0,0.0,0.0,0.0,0.0,0.0,0.0,0.0,0.0,271.0,77.0,162.0,348.0,395.0,28.0,11.0,15.0,39.0,42.0,221.0,61.0,136.0,282.0,324.0,0.0,0.0,0.0,0.0,0.0,37.0,6.0,19.0,43.0,48.0,1.0,0.0,1.0,1.0,2.0,0.0,0.0,0.0,0.0,0.0,4.0,1.0,1.0,5.0,5.0,4.0,6.0,2.0,10.0,8.0,0.0,0.0,0.0,0.0,0.0,0.0,0.0,0.0,0.0,0.0,279.0,71.0,168.0,350.0,403.0,0.0,0.0,0.0,0.0,0.0,0.0,0.0,0.0,0.0,0.0,0.0,0.0,0.0,0.0,0.0,0.0,0.0,1.0,0.0,1.0,0.0,0.0,0.0,0.0,0.0,287.0,78.0,170.0,365.0,415.0
Patna,27.0,0.0,6.0,33.0,5.0,0.0,19.0,22.0,3.0,0.0,1.0,4.0,25.0,1.0,9.0,57.0,3.0,0.0,3.0,5.0,24.0,0.0,18.0,33.0,68.0,3.0,52.0,80.0,5.0,0.0,4.0,26.0,68.0,11.0,69.0,113.0,10.0,0.0,2.0,10.0,10.0,143.0,10.0,131.0,153.0,273.0,8.0,0.0,3.0,8.0,11.0,0.0,0.0,0.0,0.0,0.0,42.0,3.0,28.0,45.0,48.0,25.0,2.0,17.0,27.0,31.0,25.0,2.0,18.0,27.0,30.0,0.0,0.0,0.0,0.0,0.0,40.0,3.0,22.0,43.0,57.0,2.0,0.0,3.0,2.0,3.0,41.0,5.0,21.0,46.0,65.0,0.0,0.0,0.0,0.0,0.0,20.0,0.0,9.0,20.0,19.0,100.0,5.0,108.0,105.0,199.0,0.0,0.0,0.0,0.0,0.0,143.0,10.0,131.0,153.0,273.0,7.0,0.0,4.0,7.0,6.0,0.0,0.0,0.0,0.0,0.0,0.0,0.0,0.0,0.0,0.0,78.0,5.0,46.0,83.0,94.0,15.0,0.0,15.0,15.0,30.0,0.0,0.0,0.0,0.0,0.0,0.0,0.0,0.0,0.0,0.0,68.0,12.0,86.0,80.0,175.0,100.0,3.0,65.0,103.0,138.0,45.0,0.0,15.0,45.0,30.0,87.0,7.0,60.0,94.0,140.0,0.0,0.0,0.0,0.0,0.0,0.0,0.0,0.0,0.0,0.0,69.0,3.0,30.0,72.0,88.0,72.0,5.0,91.0,77.0,145.0
Pune,6.0,5.0,4.0,13.0,7.0,3.0,3.0,13.0,0.0,1.0,0.0,1.0,14.0,14.0,5.0,47.0,0.0,0.0,0.0,0.0,0.0,0.0,0.0,0.0,83.0,20.0,41.0,140.0,5.0,4.0,3.0,12.0,182.0,44.0,87.0,256.0,61.0,20.0,24.0,81.0,108.0,188.0,63.0,98.0,251.0,294.0,4.0,1.0,0.0,5.0,6.0,0.0,0.0,0.0,0.0,0.0,22.0,3.0,11.0,25.0,37.0,22.0,4.0,10.0,26.0,37.0,2.0,3.0,2.0,5.0,4.0,0.0,0.0,0.0,0.0,0.0,6.0,1.0,1.0,7.0,8.0,0.0,0.0,0.0,0.0,0.0,0.0,0.0,0.0,0.0,0.0,0.0,0.0,0.0,0.0,0.0,0.0,0.0,0.0,0.0,0.0,289.0,87.0,140.0,376.0,470.0,0.0,0.0,0.0,0.0,0.0,188.0,63.0,98.0,251.0,294.0,0.0,0.0,0.0,0.0,0.0,0.0,0.0,0.0,0.0,0.0,0.0,0.0,0.0,0.0,0.0,109.0,28.0,45.0,137.0,188.0,7.0,0.0,0.0,7.0,7.0,10.0,4.0,4.0,14.0,17.0,0.0,0.0,0.0,0.0,0.0,122.0,30.0,63.0,152.0,208.0,158.0,57.0,76.0,215.0,250.0,0.0,0.0,0.0,0.0,0.0,0.0,0.0,0.0,0.0,0.0,0.0,0.0,0.0,0.0,0.0,0.0,0.0,0.0,0.0,0.0,0.0,0.0,0.0,0.0,0.0,297.0,91.0,143.0,388.0,482.0
Raipur,0.0,10.0,3.0,15.0,1.0,24.0,22.0,48.0,0.0,28.0,8.0,14.0,1.0,95.0,18.0,206.0,0.0,5.0,17.0,25.0,3.0,142.0,3.0,130.0,8.0,155.0,77.0,246.0,1.0,22.0,13.0,144.0,35.0,764.0,321.0,938.0,13.0,131.0,49.0,144.0,304.0,19.0,858.0,264.0,877.0,956.0,0.0,0.0,0.0,0.0,0.0,0.0,0.0,0.0,0.0,0.0,15.0,224.0,163.0,239.0,461.0,2.0,32.0,6.0,34.0,45.0,5.0,32.0,24.0,37.0,65.0,1.0,9.0,4.0,10.0,13.0,7.0,236.0,69.0,243.0,323.0,1.0,6.0,6.0,7.0,14.0,0.0,0.0,0.0,0.0,0.0,0.0,0.0,0.0,0.0,0.0,1.0,13.0,5.0,14.0,27.0,34.0,949.0,374.0,983.0,1324.0,3.0,17.0,8.0,20.0,32.0,19.0,858.0,264.0,877.0,956.0,4.0,83.0,24.0,87.0,85.0,1.0,11.0,2.0,12.0,21.0,3.0,23.0,7.0,26.0,54.0,19.0,253.0,177.0,272.0,618.0,0.0,34.0,2.0,34.0,52.0,0.0,3.0,0.0,3.0,4.0,2.0,19.0,0.0,21.0,16.0,5.0,142.0,44.0,147.0,208.0,42.0,1047.0,436.0,1089.0,1486.0,0.0,0.0,0.0,0.0,0.0,2.0,21.0,2.0,23.0,27.0,0.0,0.0,0.0,0.0,0.0,0.0,0.0,0.0,0.0,0.0,9.0,186.0,32.0,195.0,309.0,38.0,1038.0,448.0,1076.0,1430.0
Rajkot,11.0,7.0,4.0,27.0,10.0,3.0,2.0,12.0,4.0,2.0,0.0,5.0,8.0,19.0,20.0,38.0,3.0,4.0,0.0,3.0,4.0,0.0,1.0,3.0,34.0,13.0,35.0,79.0,8.0,4.0,8.0,17.0,119.0,71.0,68.0,248.0,12.0,10.0,11.0,22.0,37.0,160.0,92.0,108.0,252.0,325.0,11.0,7.0,7.0,18.0,23.0,1.0,6.0,2.0,7.0,9.0,11.0,2.0,5.0,13.0,19.0,6.0,6.0,5.0,12.0,19.0,6.0,3.0,8.0,9.0,16.0,0.0,2.0,0.0,2.0,1.0,11.0,16.0,11.0,27.0,32.0,0.0,0.0,0.0,0.0,0.0,0.0,0.0,0.0,0.0,0.0,0.0,0.0,0.0,0.0,0.0,2.0,4.0,3.0,6.0,7.0,182.0,98.0,116.0,280.0,376.0,0.0,0.0,0.0,0.0,0.0,160.0,92.0,108.0,252.0,325.0,15.0,11.0,5.0,26.0,30.0,9.0,4.0,7.0,13.0,21.0,17.0,16.0,18.0,33.0,56.0,0.0,0.0,0.0,0.0,0.0,12.0,17.0,17.0,29.0,45.0,0.0,0.0,0.0,0.0,0.0,6.0,1.0,8.0,7.0,15.0,8.0,2.0,11.0,10.0,20.0,175.0,103.0,102.0,278.0,352.0,0.0,0.0,0.0,0.0,0.0,7.0,6.0,8.0,13.0,21.0,80.0,37.0,62.0,117.0,163.0,0.0,0.0,0.0,0.0,0.0,69.0,47.0,31.0,116.0,131.0,45.0,33.0,37.0,78.0,117.0
Srinagar,0.0,6.0,2.0,8.0,0.0,0.0,0.0,0.0,0.0,3.0,2.0,6.0,0.0,175.0,17.0,150.0,0.0,0.0,0.0,0.0,0.0,32.0,10.0,40.0,0.0,0.0,0.0,0.0,0.0,3.0,2.0,5.0,0.0,56.0,12.0,66.0,0.0,0.0,0.0,0.0,0.0,0.0,275.0,45.0,275.0,275.0,0.0,0.0,0.0,0.0,0.0,0.0,0.0,0.0,0.0,0.0,0.0,0.0,0.0,0.0,0.0,0.0,0.0,0.0,0.0,0.0,0.0,0.0,0.0,0.0,0.0,0.0,0.0,0.0,0.0,0.0,0.0,0.0,0.0,0.0,0.0,0.0,0.0,0.0,0.0,0.0,0.0,218.0,29.0,218.0,213.0,0.0,0.0,0.0,0.0,0.0,0.0,0.0,0.0,0.0,0.0,0.0,57.0,16.0,57.0,62.0,0.0,0.0,0.0,0.0,0.0,0.0,275.0,45.0,275.0,275.0,0.0,0.0,0.0,0.0,0.0,0.0,0.0,0.0,0.0,0.0,0.0,0.0,0.0,0.0,0.0,0.0,0.0,0.0,0.0,0.0,0.0,0.0,0.0,0.0,0.0,0.0,0.0,0.0,0.0,0.0,0.0,0.0,0.0,0.0,0.0,0.0,0.0,0.0,0.0,0.0,0.0,275.0,45.0,275.0,275.0,0.0,0.0,0.0,0.0,0.0,0.0,0.0,0.0,0.0,0.0,0.0,0.0,0.0,0.0,0.0,0.0,25.0,2.0,25.0,27.0,0.0,4.0,1.0,4.0,5.0,0.0,246.0,42.0,246.0,243.0
Surat,24.0,10.0,8.0,47.0,2.0,1.0,9.0,12.0,3.0,0.0,2.0,5.0,8.0,7.0,5.0,38.0,0.0,0.0,0.0,1.0,0.0,0.0,0.0,0.0,72.0,25.0,63.0,160.0,3.0,0.0,6.0,16.0,206.0,62.0,98.0,296.0,29.0,16.0,15.0,45.0,62.0,188.0,57.0,110.0,245.0,327.0,26.0,9.0,16.0,35.0,52.0,21.0,5.0,17.0,26.0,42.0,38.0,12.0,25.0,50.0,68.0,16.0,6.0,8.0,22.0,24.0,19.0,13.0,14.0,32.0,36.0,0.0,0.0,0.0,0.0,1.0,19.0,3.0,9.0,22.0,30.0,1.0,0.0,0.0,1.0,1.0,0.0,0.0,0.0,0.0,0.0,0.0,0.0,0.0,0.0,0.0,0.0,0.0,0.0,0.0,0.0,279.0,89.0,168.0,368.0,507.0,1.0,2.0,2.0,3.0,6.0,188.0,57.0,110.0,245.0,327.0,9.0,6.0,4.0,15.0,15.0,8.0,2.0,5.0,10.0,15.0,9.0,2.0,4.0,11.0,18.0,103.0,36.0,66.0,139.0,194.0,2.0,2.0,0.0,4.0,3.0,3.0,1.0,0.0,4.0,4.0,0.0,0.0,1.0,0.0,1.0,0.0,0.0,0.0,0.0,0.0,313.0,102.0,190.0,415.0,567.0,0.0,0.0,0.0,0.0,0.0,7.0,1.0,8.0,8.0,14.0,0.0,0.0,0.0,0.0,0.0,0.0,0.0,0.0,0.0,0.0,62.0,17.0,30.0,79.0,98.0,249.0,87.0,153.0,336.0,463.0
Thiruvanthapuram,141.0,25.0,5.0,149.0,0.0,0.0,0.0,0.0,23.0,5.0,5.0,33.0,304.0,99.0,23.0,370.0,0.0,0.0,0.0,0.0,12.0,5.0,1.0,15.0,1.0,0.0,0.0,1.0,21.0,8.0,8.0,36.0,522.0,97.0,66.0,610.0,44.0,14.0,6.0,58.0,55.0,783.0,190.0,86.0,973.0,929.0,14.0,4.0,2.0,18.0,21.0,26.0,9.0,5.0,35.0,33.0,111.0,14.0,6.0,125.0,121.0,46.0,8.0,3.0,54.0,55.0,7.0,3.0,0.0,10.0,9.0,0.0,0.0,0.0,0.0,0.0,74.0,10.0,7.0,84.0,78.0,4.0,1.0,3.0,5.0,6.0,325.0,73.0,42.0,398.0,392.0,0.0,0.0,0.0,0.0,0.0,0.0,0.0,0.0,0.0,0.0,614.0,152.0,56.0,766.0,729.0,0.0,0.0,0.0,0.0,1.0,783.0,190.0,86.0,973.0,929.0,0.0,10.0,0.0,10.0,2.0,0.0,0.0,0.0,0.0,0.0,71.0,3.0,0.0,74.0,83.0,170.0,36.0,22.0,206.0,199.0,12.0,1.0,0.0,13.0,12.0,5.0,6.0,0.0,11.0,10.0,3.0,2.0,0.0,5.0,3.0,459.0,108.0,59.0,567.0,558.0,545.0,122.0,49.0,667.0,631.0,0.0,0.0,0.0,0.0,0.0,21.0,4.0,3.0,25.0,24.0,1.0,0.0,0.0,1.0,1.0,62.0,13.0,14.0,75.0,76.0,0.0,0.0,2.0,0.0,2.0,940.0,222.0,89.0,1162.0,1111.0
Thrissur,122.0,68.0,11.0,163.0,0.0,0.0,0.0,0.0,38.0,20.0,5.0,60.0,389.0,215.0,42.0,512.0,28.0,12.0,3.0,36.0,1.0,1.0,0.0,2.0,0.0,0.0,0.0,0.0,52.0,48.0,21.0,82.0,472.0,166.0,52.0,609.0,78.0,30.0,8.0,108.0,98.0,571.0,313.0,86.0,884.0,776.0,6.0,1.0,0.0,7.0,5.0,10.0,7.0,0.0,17.0,15.0,303.0,105.0,25.0,408.0,379.0,134.0,74.0,15.0,208.0,191.0,3.0,1.0,4.0,4.0,8.0,0.0,0.0,1.0,0.0,1.0,75.0,61.0,11.0,136.0,111.0,15.0,17.0,7.0,32.0,22.0,169.0,76.0,21.0,245.0,211.0,9.0,7.0,0.0,16.0,12.0,0.0,0.0,0.0,0.0,0.0,831.0,368.0,90.0,1199.0,1099.0,12.0,5.0,0.0,17.0,14.0,571.0,313.0,86.0,884.0,776.0,72.0,26.0,5.0,98.0,83.0,10.0,3.0,2.0,13.0,13.0,17.0,6.0,1.0,23.0,17.0,420.0,177.0,40.0,597.0,561.0,11.0,2.0,4.0,13.0,12.0,2.0,0.0,0.0,2.0,3.0,2.0,0.0,0.0,2.0,1.0,0.0,0.0,0.0,0.0,0.0,1086.0,527.0,130.0,1613.0,1446.0,1.0,1.0,0.0,2.0,2.0,0.0,0.0,0.0,0.0,0.0,0.0,0.0,0.0,0.0,0.0,0.0,0.0,0.0,0.0,0.0,12.0,13.0,4.0,25.0,15.0,1090.0,517.0,130.0,1607.0,1449.0
Tiruchirapalli,0.0,17.0,2.0,10.0,0.0,7.0,5.0,12.0,0.0,6.0,1.0,8.0,0.0,39.0,3.0,32.0,0.0,0.0,0.0,0.0,0.0,0.0,0.0,0.0,0.0,67.0,30.0,82.0,0.0,6.0,1.0,7.0,0.0,259.0,45.0,247.0,0.0,0.0,0.0,0.0,0.0,0.0,143.0,19.0,143.0,136.0,0.0,24.0,4.0,24.0,21.0,0.0,225.0,52.0,225.0,222.0,0.0,0.0,0.0,0.0,0.0,0.0,9.0,12.0,9.0,19.0,0.0,64.0,8.0,64.0,53.0,0.0,0.0,0.0,0.0,0.0,0.0,94.0,15.0,94.0,78.0,0.0,0.0,0.0,0.0,0.0,0.0,0.0,0.0,0.0,0.0,0.0,0.0,0.0,0.0,0.0,0.0,0.0,0.0,0.0,0.0,0.0,243.0,64.0,243.0,267.0,0.0,15.0,2.0,15.0,11.0,0.0,143.0,19.0,143.0,136.0,0.0,0.0,0.0,0.0,0.0,0.0,8.0,2.0,8.0,9.0,0.0,0.0,0.0,0.0,0.0,0.0,235.0,64.0,235.0,242.0,0.0,12.0,0.0,12.0,12.0,0.0,0.0,1.0,0.0,1.0,0.0,0.0,0.0,0.0,0.0,0.0,0.0,0.0,0.0,0.0,0.0,389.0,86.0,389.0,385.0,0.0,0.0,0.0,0.0,0.0,0.0,11.0,2.0,11.0,9.0,0.0,0.0,0.0,0.0,0.0,0.0,0.0,0.0,0.0,0.0,0.0,38.0,5.0,38.0,32.0,0.0,352.0,80.0,352.0,357.0
Vadodra,9.0,15.0,4.0,16.0,10.0,5.0,5.0,19.0,1.0,16.0,1.0,7.0,12.0,10.0,6.0,55.0,0.0,0.0,0.0,0.0,0.0,0.0,0.0,0.0,44.0,19.0,46.0,108.0,17.0,5.0,20.0,22.0,148.0,97.0,71.0,254.0,9.0,4.0,2.0,13.0,17.0,226.0,163.0,150.0,389.0,455.0,3.0,0.0,0.0,3.0,2.0,0.0,0.0,0.0,0.0,0.0,3.0,0.0,1.0,3.0,7.0,0.0,0.0,0.0,0.0,0.0,11.0,8.0,10.0,19.0,24.0,0.0,0.0,1.0,0.0,1.0,2.0,1.0,3.0,3.0,5.0,1.0,0.0,0.0,1.0,4.0,0.0,0.0,0.0,0.0,0.0,0.0,0.0,0.0,0.0,0.0,0.0,0.0,0.0,0.0,0.0,227.0,158.0,139.0,385.0,447.0,2.0,0.0,1.0,2.0,3.0,226.0,163.0,150.0,389.0,455.0,0.0,0.0,0.0,0.0,3.0,0.0,0.0,0.0,0.0,0.0,12.0,1.0,2.0,13.0,15.0,1.0,3.0,0.0,4.0,5.0,14.0,6.0,0.0,20.0,20.0,0.0,4.0,0.0,4.0,8.0,1.0,0.0,0.0,1.0,1.0,0.0,0.0,0.0,0.0,0.0,226.0,157.0,153.0,383.0,452.0,0.0,0.0,0.0,0.0,0.0,0.0,0.0,0.0,0.0,0.0,0.0,0.0,0.0,0.0,0.0,0.0,0.0,0.0,0.0,0.0,13.0,16.0,11.0,29.0,36.0,228.0,151.0,142.0,379.0,445.0
Varanasi,12.0,11.0,22.0,42.0,17.0,13.0,13.0,42.0,21.0,12.0,24.0,48.0,28.0,21.0,32.0,63.0,10.0,7.0,10.0,20.0,23.0,15.0,33.0,56.0,26.0,14.0,15.0,53.0,23.0,14.0,33.0,60.0,22.0,16.0,31.0,61.0,14.0,12.0,20.0,26.0,41.0,127.0,59.0,135.0,186.0,274.0,6.0,8.0,7.0,14.0,16.0,8.0,11.0,11.0,19.0,24.0,16.0,19.0,24.0,35.0,55.0,11.0,14.0,16.0,25.0,35.0,22.0,17.0,24.0,39.0,48.0,16.0,11.0,21.0,27.0,36.0,28.0,22.0,28.0,50.0,65.0,14.0,6.0,17.0,20.0,32.0,26.0,12.0,26.0,38.0,62.0,12.0,8.0,15.0,20.0,29.0,7.0,5.0,14.0,12.0,19.0,57.0,42.0,68.0,99.0,154.0,5.0,7.0,8.0,12.0,14.0,127.0,59.0,135.0,186.0,274.0,14.0,15.0,17.0,29.0,40.0,11.0,13.0,13.0,24.0,29.0,0.0,0.0,0.0,0.0,0.0,25.0,29.0,40.0,54.0,88.0,28.0,21.0,32.0,49.0,77.0,21.0,14.0,25.0,35.0,55.0,9.0,7.0,23.0,16.0,34.0,64.0,39.0,58.0,103.0,122.0,31.0,24.0,49.0,55.0,96.0,29.0,18.0,26.0,47.0,61.0,14.0,13.0,12.0,27.0,40.0,5.0,1.0,7.0,6.0,8.0,32.0,26.0,57.0,58.0,97.0,18.0,14.0,18.0,32.0,47.0,113.0,69.0,119.0,182.0,253.0
Vijaywada city,32.0,45.0,8.0,43.0,8.0,19.0,16.0,38.0,6.0,2.0,3.0,9.0,21.0,32.0,15.0,96.0,3.0,3.0,1.0,6.0,0.0,0.0,0.0,5.0,74.0,144.0,72.0,267.0,5.0,3.0,8.0,16.0,260.0,320.0,151.0,592.0,46.0,80.0,33.0,126.0,143.0,195.0,272.0,139.0,467.0,500.0,9.0,13.0,6.0,22.0,33.0,29.0,27.0,20.0,56.0,68.0,129.0,157.0,71.0,286.0,307.0,1.0,19.0,5.0,20.0,21.0,18.0,22.0,13.0,40.0,44.0,1.0,2.0,2.0,3.0,4.0,36.0,61.0,32.0,97.0,105.0,1.0,0.0,0.0,1.0,1.0,5.0,7.0,4.0,12.0,13.0,1.0,0.0,0.0,1.0,1.0,0.0,4.0,1.0,4.0,3.0,347.0,472.0,222.0,819.0,901.0,0.0,1.0,0.0,1.0,3.0,195.0,272.0,139.0,467.0,500.0,29.0,46.0,14.0,75.0,96.0,0.0,2.0,0.0,2.0,1.0,36.0,52.0,19.0,88.0,96.0,149.0,195.0,102.0,344.0,376.0,0.0,0.0,0.0,0.0,0.0,0.0,0.0,0.0,0.0,3.0,0.0,0.0,0.0,0.0,0.0,0.0,0.0,0.0,0.0,0.0,409.0,568.0,274.0,977.0,1069.0,0.0,0.0,0.0,0.0,0.0,2.0,4.0,3.0,6.0,7.0,0.0,0.0,0.0,0.0,0.0,0.0,0.0,0.0,0.0,0.0,0.0,0.0,0.0,0.0,0.0,407.0,564.0,271.0,971.0,1065.0
Vizaq,52.0,23.0,5.0,63.0,15.0,5.0,5.0,21.0,21.0,9.0,2.0,28.0,29.0,20.0,7.0,172.0,13.0,12.0,5.0,29.0,9.0,16.0,25.0,81.0,240.0,57.0,82.0,361.0,13.0,6.0,8.0,93.0,402.0,240.0,116.0,917.0,128.0,47.0,40.0,175.0,291.0,426.0,230.0,144.0,656.0,956.0,11.0,10.0,2.0,21.0,29.0,57.0,27.0,18.0,84.0,156.0,147.0,69.0,34.0,216.0,272.0,25.0,5.0,17.0,30.0,61.0,31.0,14.0,15.0,45.0,49.0,12.0,3.0,4.0,15.0,20.0,88.0,57.0,37.0,145.0,166.0,32.0,12.0,17.0,44.0,54.0,74.0,27.0,22.0,101.0,165.0,15.0,7.0,6.0,22.0,22.0,4.0,1.0,1.0,5.0,9.0,538.0,267.0,153.0,805.0,1280.0,22.0,15.0,13.0,37.0,60.0,426.0,230.0,144.0,656.0,956.0,46.0,9.0,11.0,55.0,83.0,12.0,4.0,3.0,16.0,45.0,136.0,42.0,32.0,178.0,287.0,152.0,88.0,52.0,240.0,334.0,3.0,4.0,2.0,7.0,10.0,3.0,1.0,1.0,4.0,7.0,0.0,0.0,2.0,0.0,17.0,198.0,106.0,84.0,304.0,523.0,590.0,277.0,166.0,867.0,1208.0,0.0,0.0,0.0,0.0,0.0,26.0,23.0,7.0,49.0,71.0,7.0,0.0,0.0,7.0,9.0,187.0,105.0,68.0,292.0,453.0,13.0,8.0,4.0,21.0,25.0,561.0,252.0,176.0,813.0,1207.0
